name,price,discount
Adidas OR5014,114.9,35% marcos + cristales
Adidas OR5034,94.9,35% marcos + cristales
Adidas OR5052,99.9,35% marcos + cristales
Adidas SP5045,94.9,35% marcos + cristales
Adidas SP5048,94.9,35% marcos + cristales
Arnette 0AN6135,84.9,35% marcos + cristales
Arnette 0AN6138,76.9,0
Arnette 0AN7169,64.9,35% marcos + cristales
Arnette 0AN7175,64.9,35% marcos + cristales
Arnette 0AN7197,68.9,35% marcos + cristales
Arnette 0AN7208,60.9,35% marcos + cristales
Arnette 0AN7232,60.9,35% marcos + cristales
Arnette Montrose AN7224,68.9,0
Boss 1044/IT,183.9,35% marcos + cristales
Boss 1437,184.9,35% marcos + cristales
Boss 1444/N,199.9,35% marcos + cristales
Boss 1449,224.9,35% marcos + cristales
Boss B1007/IT,187.9,35% marcos + cristales
CAT CAT3002,94.9,35% marcos + cristales
CAT GANISTER004,94.9,35% marcos + cristales
CHerrera CH0031,189.9,35% marcos + cristales
CKJeans CKJ141AF,99.9,35% marcos + cristales
CKJeans CKJ157AF,99.9,35% marcos + cristales
CKJeans CKJ492AF,99.9,35% marcos + cristales
Carrera  C8863,139.9,35% marcos + cristales
Carrera C226,132.9,35% marcos + cristales
Carrera C308,119.9,35% marcos + cristales
Carrera C8830/V,132.9,35% marcos + cristales
Carrera C8853,132.9,35% marcos + cristales
Carrera C8861,149.9,35% marcos + cristales
Carrera C8881,104.9,35% marcos + cristales
Carrera CA1119,112.9,35% marcos + cristales
Carrera CARDUC007,126.9,35% marcos + cristales
Carrera CARRERA 175 086 55/17,130.9,35% marcos + cristales
Carrera Juvenil 2012T,113.9,35% marcos + cristales
Cat CTO3013,99.9,['0' '35% marcos + cristales']
Cat Chisel,99.9,35% marcos + cristales
Cat Chuck,99.9,35% marcos + cristales
Cat Gambrel,99.9,35% marcos + cristales
Cat Hex,99.9,35% marcos + cristales
Cat Inlay,99.9,35% marcos + cristales
Cat Resaw,99.9,35% marcos + cristales
Cat Twinthread,99.9,35% marcos + cristales
DbyD DBJU08,0.0,Marcos Gratis
DbyD DBOM5016,0.0,Marcos Gratis
DbyD DBOM5043,0.0,Marcos Gratis
DbyD DBOM5044,0.0,Marcos Gratis
DbyD DBOM5045,0.0,Marcos Gratis
DbyD DBOM5047,[ 0.  43.9],['0' 'Marcos Gratis']
DbyD DBOU0004,0.0,Marcos Gratis
Dolce and Gabbana 0DG3372,230.9,35% marcos + cristales
Emporio 0EA1041,140.9,35% marcos + cristales
Emporio 0EA1105,131.9,35% marcos + cristales
Emporio 0EA3194,131.9,35% marcos + cristales
Emporio 0EA3227,131.9,35% marcos + cristales
Emporio 0EA3229,122.9,35% marcos + cristales
Fossil FOS 6016,91.9,35% marcos + cristales
Fossil FOS 6061,84.9,35% marcos + cristales
Fossil FOS 6076,91.9,35% marcos + cristales
Fossil FOS 7014,95.9,35% marcos + cristales
Fossil FOS 7064,96.9,35% marcos + cristales
Fossil FOS 7116/G,95.9,35% marcos + cristales
Fossil FOS 7127,99.9,35% marcos + cristales
Fossil FOS 7148,104.9,35% marcos + cristales
Fossil FOS 7155/G,129.9,35% marcos + cristales
Fossil FOS7146/G,119.9,35% marcos + cristales
Fossil FOS7148,104.9,35% marcos + cristales
Fossil FOS7154/G,129.9,35% marcos + cristales
GVBaby GBJK02,0.0,Marcos Gratis
Giacomo GI1001,76.9,35% marcos + cristales
Giacomo GI1002,76.9,35% marcos + cristales
Giacomo GI1003,76.9,35% marcos + cristales
Giacomo GI1005,76.9,35% marcos + cristales
Giacomo GI1006,76.9,35% marcos + cristales
Giacomo GI1007,76.9,35% marcos + cristales
Giacomo GI1008,76.9,35% marcos + cristales
Giacomo GI1009,76.9,35% marcos + cristales
Giacomo GI1010,76.9,35% marcos + cristales
Giacomo GI1012,76.9,35% marcos + cristales
Giacomo GI1015,76.9,35% marcos + cristales
Giacomo GI1016,76.9,35% marcos + cristales
Giacomo GI1020,76.9,35% marcos + cristales
Gucci GG0614O,295.0,35% marcos + cristales
Gucci GG1159O,300.0,35% marcos + cristales
Guess GU2872,150.9,35% marcos + cristales
Harper HA1001,43.9,35% marcos + cristales
Harper HA1002,[43.9 54.9],35% marcos + cristales
Harper HA1003,43.9,35% marcos + cristales
Harper HA1004,[43.9 54.9],35% marcos + cristales
Harper HA1005,[43.9 54.9],35% marcos + cristales
Harper HA1006,[43.9 54.9],35% marcos + cristales
Harper HA1007,43.9,35% marcos + cristales
Harper HA1008,43.9,35% marcos + cristales
Harper HA1009,[43.9 54.9],35% marcos + cristales
Harper HA1010,43.9,35% marcos + cristales
Harper HA1011,43.9,35% marcos + cristales
Harper HA1012,[43.9 54.9],35% marcos + cristales
Harper HA1013,[43.9 54.9],35% marcos + cristales
Harper HA1015,54.9,35% marcos + cristales
Harper HA1016,54.9,35% marcos + cristales
Harper HA1017,54.9,35% marcos + cristales
Harper HA1018,54.9,35% marcos + cristales
Harper HA1050,43.9,35% marcos + cristales
Harper HA1054,43.9,35% marcos + cristales
Harper HA1055,43.9,35% marcos + cristales
Harper HA1056,43.9,35% marcos + cristales
Harper HA1057,43.9,35% marcos + cristales
Harper HA1058,43.9,35% marcos + cristales
Harper HA1059,43.9,35% marcos + cristales
Harper HA1061,43.9,35% marcos + cristales
Harper HA1062,43.9,35% marcos + cristales
Harper HA1063,43.9,35% marcos + cristales
Harper HA1064,43.9,35% marcos + cristales
Harper HA1065,43.9,35% marcos + cristales
Harper HA1067,43.9,35% marcos + cristales
Harper HA1068,43.9,35% marcos + cristales
Harper HA1069,43.9,35% marcos + cristales
Harper HA1070,43.9,35% marcos + cristales
Harper HA1071,43.9,35% marcos + cristales
Harper HA1072,43.9,35% marcos + cristales
Harper HA1073,43.9,35% marcos + cristales
Harper HA1075,43.9,35% marcos + cristales
Harper HA1076,43.9,35% marcos + cristales
Harper HA1078,43.9,35% marcos + cristales
Harper HA1079,43.9,35% marcos + cristales
Harper HA1110,54.9,35% marcos + cristales
Harper HA1114,54.9,35% marcos + cristales
Harper HA1122,54.9,35% marcos + cristales
Harper HA1123,54.9,35% marcos + cristales
Harper HA1124,54.9,35% marcos + cristales
Harper HA1126,54.9,35% marcos + cristales
Harper HA1127,54.9,35% marcos + cristales
Harper HA1128,54.9,35% marcos + cristales
Harper HA1292,43.9,0
Harper Juvenil HA1304,54.9,0
Heritage HEEM04,0.0,Marcos Gratis
Heritage HEOM0028,0.0,Marcos Gratis
Hugo HG 1097,118.9,0
Hugo HG 1198,135.9,35% marcos + cristales
Hugo HG 1201,129.9,35% marcos + cristales
Hugo HG1004,129.9,35% marcos + cristales
Hugo HG1018,129.9,35% marcos + cristales
Hugo HG1199,140.9,35% marcos + cristales
Hugo HG1205,129.9,35% marcos + cristales
Hugo HG1209,144.9,35% marcos + cristales
Hugo HG1210,144.9,35% marcos + cristales
Hugo HG1246,140.9,35% marcos + cristales
HugoBoss BOSS,219.9,35% marcos + cristales
HugoBoss BOSS 1511,184.9,35% marcos + cristales
Julius JUAM02,89.9,35% marcos + cristales
Kalani KA1001,65.9,35% marcos + cristales
Kalani KA1002,65.9,35% marcos + cristales
Kalani KA1003,65.9,35% marcos + cristales
Kalani KA1004,65.9,35% marcos + cristales
Kalani KA1005,65.9,35% marcos + cristales
Kalani KA1007,65.9,35% marcos + cristales
Kalani KA1008,65.9,35% marcos + cristales
Kalani KA1009,65.9,35% marcos + cristales
Kalani KA1010,65.9,35% marcos + cristales
Kalani KA1011,65.9,35% marcos + cristales
Kalani KA1012,65.9,35% marcos + cristales
Kalani KA1013,65.9,35% marcos + cristales
Kalani KA1014,65.9,35% marcos + cristales
Kalani KA1036,76.9,35% marcos + cristales
Kalani KA1037,76.9,35% marcos + cristales
Kalani KA1038,76.9,35% marcos + cristales
Kalani KA1039,76.9,35% marcos + cristales
Kalani KA1040,76.9,35% marcos + cristales
Kalani KA1041,76.9,35% marcos + cristales
Kalani KA1042,76.9,35% marcos + cristales
Kalani KA1043,76.9,35% marcos + cristales
Kalani KA1044,76.9,35% marcos + cristales
Kalani KA1045,76.9,35% marcos + cristales
Kalani KA1056,65.9,35% marcos + cristales
Kalani KA1057,65.9,['0' '35% marcos + cristales']
Kalani KA1058,65.9,35% marcos + cristales
Kalani KA1059,65.9,['0' '35% marcos + cristales']
Kalani KA1060,65.9,35% marcos + cristales
Karun Cochamo Black,94.9,35% marcos + cristales
Karun KAOF0083,84.9,35% marcos + cristales
Karun KAUF0013,84.9,35% marcos + cristales
Lacoste L2250,99.9,35% marcos + cristales
Lacoste L2254,99.9,35% marcos + cristales
Lacoste L2275E,99.9,35% marcos + cristales
Lacoste L2603ND,99.9,35% marcos + cristales
Lacoste L2860,99.9,35% marcos + cristales
Lacoste L2888,99.9,35% marcos + cristales
Lacoste L2889,99.9,35% marcos + cristales
Lucca LU1001,32.9,35% marcos + cristales
Lucca LU1002,32.9,35% marcos + cristales
Lucca LU1003,32.9,35% marcos + cristales
Lucca LU1004,32.9,35% marcos + cristales
Lucca LU1005,32.9,0
Lucca LU1007,32.9,35% marcos + cristales
Lucca LU1008,32.9,35% marcos + cristales
Lucca LU1011,32.9,35% marcos + cristales
Lucca LU1012,32.9,35% marcos + cristales
Lucca LU1013,32.9,35% marcos + cristales
Lucca LU1015,32.9,35% marcos + cristales
Lucca LU1016,32.9,0
Lucca LU1018,32.9,35% marcos + cristales
Lucca LU1019,32.9,0
Lucca LU1024,32.9,0
Lucca LU1025,32.9,0
Miraflex 0MF4001,44.9,35% marcos + cristales
Miraflex 0MF4002,44.9,0
Miraflex 0MF4005,49.9,0
Miraflex Baby one 1-2 a√±os,54.9,35% marcos + cristales
Miraflex New baby 3,54.9,35% marcos + cristales
Miraflex New baby 4,59.9,35% marcos + cristales
Nike 7037,99.9,['0' '35% marcos + cristales']
Nike 7117,99.9,35% marcos + cristales
Nike 7128,99.9,35% marcos + cristales
Nike 7129,99.9,35% marcos + cristales
Nike 7130,99.9,35% marcos + cristales
Nike 7245,99.9,35% marcos + cristales
Nike 7400,99.9,35% marcos + cristales
Nike 8050,99.9,35% marcos + cristales
Oakley 0OX3227,157.9,35% marcos + cristales
Oakley 0OX8056,122.9,35% marcos + cristales
Oakley 0OX8058,113.9,35% marcos + cristales
Oakley 0OX8060,113.9,35% marcos + cristales
Oakley 0OX8081,122.9,35% marcos + cristales
Oakley 0OX8153,166.9,35% marcos + cristales
Oakley 0OX8177,114.9,35% marcos + cristales
Oakley 0OX8178,113.9,0
Persol 0PO2460V,226.9,35% marcos + cristales
Persol 0PO3007VM,198.9,35% marcos + cristales
Persol 0PO3092V,189.9,35% marcos + cristales
Persol 0PO3218V,198.9,35% marcos + cristales
Persol 0PO3296V,198.9,35% marcos + cristales
Persol 0PO3301V,208.9,35% marcos + cristales
Persol 0PO3315V,208.9,35% marcos + cristales
Persol 0PO3318V,198.9,35% marcos + cristales
Persol 0PO3329V,268.9,35% marcos + cristales
Persol 0PO3337V,222.9,35% marcos + cristales
Polaroid Cip On PLD 6132/CS,114.9,0
Polaroid Clip On PLD 6134/CS,114.9,35% marcos + cristales
Polaroid Clip On PLD 6136/CS,104.9,0
Polaroid Clip On PLD 6183/CS,114.9,0
Polaroid Clip On PLD 6184/CS,114.9,0
Polaroid Clip On PLD 6203/CS,109.9,0
Polaroid Clip On PLD 6204/CS,114.9,0
Polaroid Clip On PLD 6205/CS,114.9,35% marcos + cristales
Polaroid D477,85.9,35% marcos + cristales
Polaroid PLD D453,73.9,35% marcos + cristales
Polaroid PLD D458/G,90.9,35% marcos + cristales
Polaroid PLD D460/G,83.9,35% marcos + cristales
Polaroid PLD D462,76.9,35% marcos + cristales
Polaroid PLD D482,76.9,35% marcos + cristales
Polaroid PLD D483,76.9,35% marcos + cristales
Polaroid PLD D485,90.9,35% marcos + cristales
Polaroid PLD482,76.9,35% marcos + cristales
Polaroid PLD488,64.9,35% marcos + cristales
Prada  0PR01WV,230.9,35% marcos + cristales
Prada  0PR14WV,211.9,['0' '35% marcos + cristales']
Prada  0PR15YV,270.9,35% marcos + cristales
Prada  0PR16MV,181.9,35% marcos + cristales
Prada  0PR19ZV,250.9,35% marcos + cristales
Prada  0PR22ZV,290.9,35% marcos + cristales
Prada  0PR54TV,250.9,35% marcos + cristales
Prada  0PR58ZV,270.9,35% marcos + cristales
Prada 0PRA10V,290.9,35% marcos + cristales
Puma PE0028O,94.9,35% marcos + cristales
Ray Ban 0RX3694V,140.9,35% marcos + cristales
Ray Ban 0RX5428,148.9,0
Ray Ban 0RX6375,126.9,35% marcos + cristales
Ray Ban 0RX6466,148.9,35% marcos + cristales
Ray Ban 0RX7017,148.9,35% marcos + cristales
Ray Ban 0RX7047,113.9,35% marcos + cristales
Ray Ban 0RX7210,148.9,35% marcos + cristales
Ray Ban Kids 0RY1536,75.9,35% marcos + cristales
Ray Ban Kids 0RY1549,83.9,35% marcos + cristales
Ray Ban Kids 0RY1598,68.9,35% marcos + cristales
Ray Ban RX7208,166.9,35% marcos + cristales
RayBan 0RX0840V,148.9,35% marcos + cristales
RayBan 0RX3717V,148.9,35% marcos + cristales
RayBan 0RX5285,148.9,35% marcos + cristales
RayBan 0RX5406,126.9,35% marcos + cristales
RayBan 0RX5418,140.9,35% marcos + cristales
RayBan 0RX5598,148.9,35% marcos + cristales
RayBan 0RX6335,140.9,35% marcos + cristales
RayBan 0RX6494,157.9,35% marcos + cristales
RayBan 0RX6497,140.9,35% marcos + cristales
RayBan 0RX7046,117.9,35% marcos + cristales
RayBan 0RX7214,148.9,0
RayBan 0RX7216,148.9,35% marcos + cristales
RayBan 0RX7217,126.9,35% marcos + cristales
RayBan Junior 0RY1621,60.9,35% marcos + cristales
RayBan Junior 0RY1622,60.9,35% marcos + cristales
RayBan Junior 0RY9097V,60.9,35% marcos + cristales
Rayban 0RX0298V,148.9,0
Rayban 0RX7225,126.9,35% marcos + cristales
Rayban 0RX7230,166.9,35% marcos + cristales
Rayban 0RY9078V,60.9,0
Rayban Junior 0RY9078V,60.9,35% marcos + cristales
Seen Kids SNK08,0.0,Marcos Gratis
Seen SNOU5008,0.0,Marcos Gratis
THilfigr TH 1442,148.9,35% marcos + cristales
THilfigr TH 1594 ,149.9,35% marcos + cristales
THilfigr TH 1616/RE,125.9,35% marcos + cristales
THilfigr TH 1636,126.9,35% marcos + cristales
THilfigr TH 1732,122.9,35% marcos + cristales
THilfigr TH 1994,156.9,0
THilfigr TH1942,149.9,35% marcos + cristales
THilfigr TH1991,159.9,35% marcos + cristales
Under Armour UA 5000/G,129.9,35% marcos + cristales
Under Armour UA 5006/G,134.9,35% marcos + cristales
Under Armour UA 5018/G,102.9,35% marcos + cristales
Under Armour UA5019,124.9,35% marcos + cristales
Under Armour UA5035,119.9,35% marcos + cristales
Under Armour UA5043,109.9,35% marcos + cristales
Under Armour UA5052/G,139.9,35% marcos + cristales
UnderArm UA 5053,129.9,35% marcos + cristales
Unoffic Kids UNOK0013,0.0,Marcos Gratis
Unoffic UNOM0052,0.0,Marcos Gratis
Unoffic UNOM0109,0.0,Marcos Gratis
Unoffic UNOM0155,0.0,Marcos Gratis
Unoffic UNOM0164,0.0,Marcos Gratis
Unoffic UNOM0192,0.0,Marcos Gratis
Unoffic UNOM0255,0.0,Marcos Gratis
Unoffic UNOM0300,0.0,Marcos Gratis
Unofficial Juvenil UNOT0045,0.0,Marcos Gratis
Unofficial Kids UNOK5050,0.0,Marcos Gratis
Unofficial Kids UNOK5053,0.0,Marcos Gratis
Unofficial Kids UNOK5066,0.0,Marcos Gratis
Unofficial UNOM0064,0.0,Marcos Gratis
Unofficial UNOM0065,0.0,Marcos Gratis
Unofficial UNOM0066,0.0,Marcos Gratis
Unofficial UNOM0068,54.9,35% marcos + cristales
Unofficial UNOM0073,0.0,Marcos Gratis
Unofficial UNOM0088,0.0,Marcos Gratis
Unofficial UNOM0129,0.0,Marcos Gratis
Unofficial UNOM0157,[ 0.  54.9],['0' 'Marcos Gratis']
Unofficial UNOM0188,0.0,Marcos Gratis
Unofficial UNOM0194,0.0,Marcos Gratis
Unofficial UNOM0236,0.0,Marcos Gratis
Unofficial UNOM0245,0.0,Marcos Gratis
Unofficial UNOM0255,0.0,Marcos Gratis
