name,price,discount,date
Kalani KA1038,35685,35% marcos + cristales,2025-02-01 00:18:00
Kalani KA1039,35685,35% marcos + cristales,2025-02-01 00:18:00
Kalani KA1044,35685,35% marcos + cristales,2025-02-01 00:18:00
Kalani KA1039,35685,35% marcos + cristales,2025-02-01 00:18:00
Under Armour UA 5018/G,1,$1,2025-02-01 00:18:00
RayBan 0RX7046,92330,30% marcos + cristales,2025-02-01 00:18:00
Kalani KA1059,35685,35% marcos + cristales,2025-02-01 00:18:00
Ray Ban 0RX6375,99330,30% marcos + cristales,2025-02-01 00:18:00
Kalani KA1006,35685,35% marcos + cristales,2025-02-01 00:18:00
Kalani KA1005,35685,35% marcos + cristales,2025-02-01 00:18:00
Kalani KA1001,35685,35% marcos + cristales,2025-02-01 00:18:00
Kalani KA1045,35685,35% marcos + cristales,2025-02-01 00:18:00
Kalani KA1044,35685,35% marcos + cristales,2025-02-01 00:18:00
Lucca LU1018,23335,35% marcos + cristales,2025-02-01 00:18:00
Kalani KA1037,1,$1,2025-02-01 00:18:00
Harper HA1004,1,$1,2025-02-01 00:18:00
RayBan 0RX5418,109830,30% marcos + cristales,2025-02-01 00:18:00
Kalani KA1042,35685,35% marcos + cristales,2025-02-01 00:18:00
Giacomo GI1001,1,$1,2025-02-01 00:18:00
Kalani KA1009,1,$1,2025-02-01 00:18:00
Harper HA1051,30485,35% marcos + cristales,2025-02-01 00:18:00
Kalani KA1012,35685,35% marcos + cristales,2025-02-01 00:18:00
Giacomo GI1008,1,$1,2025-02-01 00:18:00
Lucca LU1009,23335,35% marcos + cristales,2025-02-01 00:18:00
Giacomo GI1026,1,$1,2025-02-01 00:18:00
Kalani KA1043,35685,35% marcos + cristales,2025-02-01 00:18:00
Giacomo GI1022,1,$1,2025-02-01 00:18:00
Giacomo GI1020,1,$1,2025-02-01 00:18:00
Ray Ban 0RX7017,116130,30% marcos + cristales,2025-02-01 00:18:00
RayBan 0RX5154,116130,30% marcos + cristales,2025-02-01 00:18:00
Kalani KA1014,1,$1,2025-02-01 00:18:00
Kalani KA1056,1,$1,2025-02-01 00:18:00
Kalani KA1013,35685,35% marcos + cristales,2025-02-01 00:18:00
Giacomo GI1002,1,$1,2025-02-01 00:18:00
RayBan 0RX6494,123130,30% marcos + cristales,2025-02-01 00:18:00
Kalani KA1040,1,$1,2025-02-01 00:18:00
Kalani KA1056,1,$1,2025-02-01 00:18:00
Lucca LU1005,23335,35% marcos + cristales,2025-02-01 00:18:00
Kalani KA1006,35685,35% marcos + cristales,2025-02-01 00:18:00
Lucca LU1016,23335,35% marcos + cristales,2025-02-01 00:18:00
Emporio 0EA3229,95830,30% marcos + cristales,2025-02-01 00:18:00
Kalani KA1003,1,$1,2025-02-01 00:18:00
Kalani KA1004,35685,35% marcos + cristales,2025-02-01 00:18:00
Lucca LU1021,23335,35% marcos + cristales,2025-02-01 00:18:00
RayBan 0RX6335,109830,30% marcos + cristales,2025-02-01 00:18:00
Giacomo GI1009,1,$1,2025-02-01 00:18:00
Kalani KA1012,35685,35% marcos + cristales,2025-02-01 00:18:00
Kalani KA1013,35685,35% marcos + cristales,2025-02-01 00:18:00
Kalani KA1016,35685,35% marcos + cristales,2025-02-01 00:18:00
Kalani KA1016,35685,35% marcos + cristales,2025-02-01 00:18:00
Kalani KA1011,35685,35% marcos + cristales,2025-02-01 00:18:00
Cat Chuck,69930,30% marcos + cristales,2025-02-01 00:18:00
Giacomo GI1010,1,$1,2025-02-01 00:18:00
Kalani KA1003,1,$1,2025-02-01 00:18:00
Harper HA1009,1,$1,2025-02-01 00:18:00
Giacomo GI1023,1,$1,2025-02-01 00:18:00
Giacomo GI1015,1,$1,2025-02-01 00:18:00
Giacomo GI1016,1,$1,2025-02-01 00:18:00
Kalani KA1007,35685,35% marcos + cristales,2025-02-01 00:18:00
Kalani KA1060,1,$1,2025-02-01 00:18:00
Harper HA1002,35685,35% marcos + cristales,2025-02-01 00:18:00
Lacoste L3637,69993,30% marcos + cristales,2025-02-01 00:18:00
Cat Hex,69930,30% marcos + cristales,2025-02-01 00:18:00
Lucca LU1023,23335,35% marcos + cristales,2025-02-01 00:18:00
Miraflex 0MF4002,38430,30% marcos + cristales,2025-02-01 00:18:00
Kalani KA1038,1,$1,2025-02-01 00:18:00
Oakley 0OX8081,95830,30% marcos + cristales,2025-02-01 00:18:00
Harper HA1110,1,$1,2025-02-01 00:18:00
Kalani KA1037,1,$1,2025-02-01 00:18:00
Oakley 0OX8144,95830,30% marcos + cristales,2025-02-01 00:18:00
Emporio 0EA3233,109830,30% marcos + cristales,2025-02-01 00:18:00
Cat Dormer 106,66430,30% marcos + cristales,2025-02-01 00:18:00
Cat CTO3010,69930,30% marcos + cristales,2025-02-01 00:18:00
Giacomo GI1007,1,$1,2025-02-01 00:18:00
RayBan Kids RY9097V,50330,30% marcos + cristales,2025-02-01 00:18:00
Arnette 0AN7175,45430,30% marcos + cristales,2025-02-01 00:18:00
Kalani KA1058,1,$1,2025-02-01 00:18:00
Giacomo GI1006,1,$1,2025-02-01 00:18:00
Boss B1040,132930,30% marcos + cristales,2025-02-01 00:18:00
Cat Chisel,69930,30% marcos + cristales,2025-02-01 00:18:00
Oakley 0OX8177,80430,30% marcos + cristales,2025-02-01 00:18:00
Kalani KA1005,35685,35% marcos + cristales,2025-02-01 00:18:00
Polo RLPH2267,103530,30% marcos + cristales,2025-02-01 00:18:00
Cat Joiner,66430,30% marcos + cristales,2025-02-01 00:18:00
Boss B1007/IT,132930,30% marcos + cristales,2025-02-01 00:18:00
Prada 0PRA10V,244930,30% marcos + cristales,2025-02-01 00:18:00
Harper HA1016,1,$1,2025-02-01 00:18:00
Harper HA1158 Clip On,42835,35% marcos + cristales,2025-02-01 00:18:00
Rayban 0RX7229,116130,30% marcos + cristales,2025-02-01 00:18:00
Lucca LU1002,23335,35% marcos + cristales,2025-02-01 00:18:00
Lucca LU1002,23335,35% marcos + cristales,2025-02-01 00:18:00
Harper HA1054,30485,35% marcos + cristales,2025-02-01 00:18:00
Lucca LU1006,23335,35% marcos + cristales,2025-02-01 00:18:00
Hugo HG 1097,83930,30% marcos + cristales,2025-02-01 00:18:00
Polo RLPH2262,90230,30% marcos + cristales,2025-02-01 00:18:00
Giacomo GI1006,1,$1,2025-02-01 00:18:00
Polo RLPH1175,90230,30% marcos + cristales,2025-02-01 00:18:00
Miraflex 0MF4002,38430,30% marcos + cristales,2025-02-01 00:18:00
Harper HA1017,1,$1,2025-02-01 00:18:00
Harper HA1068,30485,35% marcos + cristales,2025-02-01 00:18:00
Miraflex 0MF4005,41930,30% marcos + cristales,2025-02-01 00:18:00
Puma PU0094O,1,$1,2025-02-01 00:18:00
Harper HA1053,30485,35% marcos + cristales,2025-02-01 00:18:00
Kalani KA1007,1,$1,2025-02-01 00:18:00
Kalani KA1014,1,$1,2025-02-01 00:18:00
Kalani KA1001,1,$1,2025-02-01 00:18:00
Harper HA1058,30485,35% marcos + cristales,2025-02-01 00:18:00
Polo RLPH2083,100030,30% marcos + cristales,2025-02-01 00:18:00
Harper HA1074,30485,35% marcos + cristales,2025-02-01 00:18:00
Oakley 0OX3227,123130,30% marcos + cristales,2025-02-01 00:18:00
Harper HA1067,1,$1,2025-02-01 00:18:00
Kalani KA1011,1,$1,2025-02-01 00:18:00
Kalani KA1060,1,$1,2025-02-01 00:18:00
Rayban 0RX7225,99330,30% marcos + cristales,2025-02-01 00:18:00
Giacomo GI1018,1,$1,2025-02-01 00:18:00
Harper HA1007,23335,35% marcos + cristales,2025-02-01 00:18:00
Ray Ban 0RX7199,130130,30% marcos + cristales,2025-02-01 00:18:00
Emporio 0EA3177,95830,30% marcos + cristales,2025-02-01 00:18:00
Kalani KA1058,1,$1,2025-02-01 00:18:00
Miraflex Juvenil 0MF4002,38430,30% marcos + cristales,2025-02-01 00:18:00
Harper HA1163,35685,35% marcos + cristales,2025-02-01 00:18:00
Emporio 0EA3227,102830,30% marcos + cristales,2025-02-01 00:18:00
Kalani KA1008,1,$1,2025-02-01 00:18:00
Lucca LU1008,23335,35% marcos + cristales,2025-02-01 00:18:00
Kalani KA1004,35685,35% marcos + cristales,2025-02-01 00:18:00
Ray Ban Kids 0RY1549,69230,30% marcos + cristales,2025-02-01 00:18:00
Arnette 0AN6135,67830,30% marcos + cristales,2025-02-01 00:18:00
Cat Gambrel,69930,30% marcos + cristales,2025-02-01 00:18:00
Harper HA1177,23335,35% marcos + cristales,2025-02-01 00:18:00
Adidas SP5056,79030,30% marcos + cristales,2025-02-01 00:18:00
Oakley 0OX8153,130130,30% marcos + cristales,2025-02-01 00:18:00
Harper HA1005,1,$1,2025-02-01 00:18:00
THilfigr TH2046,116830,30% marcos + cristales,2025-02-01 00:18:00
Ray Ban 0RX3447,109830,30% marcos + cristales,2025-02-01 00:18:00
Kalani KA1059,1,$1,2025-02-01 00:18:00
THilfigr TH1918,111930,30% marcos + cristales,2025-02-01 00:18:00
Kalani KA1009,1,$1,2025-02-01 00:18:00
Giacomo GI1001,1,$1,2025-02-01 00:18:00
Harper HA1015,23335,35% marcos + cristales,2025-02-01 00:18:00
RayBan 0RX6520,109830,30% marcos + cristales,2025-02-01 00:18:00
Arnette Montrose AN7224,54530,30% marcos + cristales,2025-02-01 00:18:00
THilfigr TH1694,111930,30% marcos + cristales,2025-02-01 00:18:00
Polaroid Kids PLD D823,38430,30% marcos + cristales,2025-02-01 00:18:00
THilfigr TH2041,111930,30% marcos + cristales,2025-02-01 00:18:00
Emporio 0EA3239,102830,30% marcos + cristales,2025-02-01 00:18:00
Harper HA1001,1,$1,2025-02-01 00:18:00
Harper HA1336 Clip On,42835,35% marcos + cristales,2025-02-01 00:18:00
Harper Juvenil HA1012,1,$1,2025-02-01 00:18:00
Harper HA1019,1,$1,2025-02-01 00:18:00
Oakley 0OX8056,95830,30% marcos + cristales,2025-02-01 00:18:00
RayBan 0RX5418,109830,30% marcos + cristales,2025-02-01 00:18:00
Adidas SP5045,97930,30% marcos + cristales,2025-02-01 00:18:00
Lucca LU1020,23335,35% marcos + cristales,2025-02-01 00:18:00
Harper Juvenil HA1010,1,$1,2025-02-01 00:18:00
Persol 0PO3343V,172130,30% marcos + cristales,2025-02-01 00:18:00
Arnette 0AN7241U,54530,30% marcos + cristales,2025-02-01 00:18:00
Harper HA1013,23335,35% marcos + cristales,2025-02-01 00:18:00
Miraflex 0MF4001,38430,30% marcos + cristales,2025-02-01 00:18:00
Miraflex 0MF4001,38430,30% marcos + cristales,2025-02-01 00:18:00
Harper HA1015,35685,35% marcos + cristales,2025-02-01 00:18:00
Cat CTO3015,69930,30% marcos + cristales,2025-02-01 00:18:00
Lucca LU1003,23335,35% marcos + cristales,2025-02-01 00:18:00
Harper HA1126,1,$1,2025-02-01 00:18:00
Oakley 0OX5078,195230,30% marcos + cristales,2025-02-01 00:18:00
Cat CTO3015,69930,30% marcos + cristales,2025-02-01 00:18:00
Lucca LU1010,23335,35% marcos + cristales,2025-02-01 00:18:00
Giacomo GI1017,1,$1,2025-02-01 00:18:00
Harper HA1066,30485,35% marcos + cristales,2025-02-01 00:18:00
Prada 0PRA55V,203630,30% marcos + cristales,2025-02-01 00:18:00
Nike 7130,69930,30% marcos + cristales,2025-02-01 00:18:00
Harper HA1174,35685,35% marcos + cristales,2025-02-01 00:18:00
Lucca LU1019,1,$1,2025-02-01 00:18:00
Lucca LU1001,1,$1,2025-02-01 00:18:00
Hugo HG1246,97930,30% marcos + cristales,2025-02-01 00:18:00
Giacomo GI1025,1,$1,2025-02-01 00:18:00
Harper HA1162,35685,35% marcos + cristales,2025-02-01 00:18:00
Cat CTO3016,69930,30% marcos + cristales,2025-02-01 00:18:00
Persol 0PO3315V,172130,30% marcos + cristales,2025-02-01 00:18:00
Giacomo GI1016,1,$1,2025-02-01 00:18:00
Giacomo GI1020,1,$1,2025-02-01 00:18:00
RayBan 0RX7216,116130,30% marcos + cristales,2025-02-01 00:18:00
Oakley 0OX8178,88830,30% marcos + cristales,2025-02-01 00:18:00
Harper Kids HA1342,21385,35% marcos + cristales,2025-02-01 00:18:00
THilfigr TH2091,97230,30% marcos + cristales,2025-02-01 00:18:00
Boss 1084/IT,139230,30% marcos + cristales,2025-02-01 00:18:00
Karun KAOF0083,1,$1,2025-02-01 00:18:00
Giacomo GI1019,1,$1,2025-02-01 00:18:00
CKJeans CKJ19510,69930,30% marcos + cristales,2025-02-01 00:18:00
Harper HA1161,35685,35% marcos + cristales,2025-02-01 00:18:00
Giacomo GI1018,1,$1,2025-02-01 00:18:00
Giacomo GI1004,1,$1,2025-02-01 00:18:00
Harper HA1146,30485,35% marcos + cristales,2025-02-01 00:18:00
Harper HA1014,1,$1,2025-02-01 00:18:00
Polo RLPH1190,90230,30% marcos + cristales,2025-02-01 00:18:00
Polo 0PH2283U,177900,0,2025-02-01 00:18:00
Boss 1437,139930,30% marcos + cristales,2025-02-01 00:18:00
Lucca LU1013,1,$1,2025-02-01 00:18:00
Lacoste L2250,69930,30% marcos + cristales,2025-02-01 00:18:00
Polaroid Kids PLD D813,38430,30% marcos + cristales,2025-02-01 00:18:00
Harper HA1145,30485,35% marcos + cristales,2025-02-01 00:18:00
Harper HA1328,35685,35% marcos + cristales,2025-02-01 00:18:00
Harper HA1160,35685,35% marcos + cristales,2025-02-01 00:18:00
Under Armour UA5064,104930,30% marcos + cristales,2025-02-01 00:18:00
Harper Juvenil  HA101,28535,35% marcos + cristales,2025-02-01 00:18:00
Giacomo GI1014,1,$1,2025-02-01 00:18:00
Harper HA1185,23335,35% marcos + cristales,2025-02-01 00:18:00
Arnette 0AN7247U,60830,30% marcos + cristales,2025-02-01 00:18:00
Adidas SP5059,97930,30% marcos + cristales,2025-02-01 00:18:00
Polaroid PLD D458/G,63630,30% marcos + cristales,2025-02-01 00:18:00
Arnette 0AN7232,48230,30% marcos + cristales,2025-02-01 00:18:00
Harper HA1052,30485,35% marcos + cristales,2025-02-01 00:18:00
Giacomo GI1027,1,$1,2025-02-01 00:18:00
Harper HA1178,35685,35% marcos + cristales,2025-02-01 00:18:00
Harper HA1126,1,$1,2025-02-01 00:18:00
Giacomo GI1011,1,$1,2025-02-01 00:18:00
Under Armour UA 5005/G,104930,30% marcos + cristales,2025-02-01 00:18:00
Harper HA1322,42835,35% marcos + cristales,2025-02-01 00:18:00
Sc Ferrari FZ7002,108430,30% marcos + cristales,2025-02-01 00:18:00
Sc Ferrari FZ8002U,69930,30% marcos + cristales,2025-02-01 00:18:00
Persol 0PO3318V,165130,30% marcos + cristales,2025-02-01 00:18:00
Prada PRA52V,244930,30% marcos + cristales,2025-02-01 00:18:00
Persol 0PO3007VM,165130,30% marcos + cristales,2025-02-01 00:18:00
Under Armour UA 5000/G,90930,30% marcos + cristales,2025-02-01 00:18:00
Carrera CARDUC025,104930,30% marcos + cristales,2025-02-01 00:18:00
Hugo HG1271,90930,30% marcos + cristales,2025-02-01 00:18:00
Harper HA1175,35685,35% marcos + cristales,2025-02-01 00:18:00
Giacomo GI1013,1,$1,2025-02-01 00:18:00
Harper HA1343,35685,35% marcos + cristales,2025-02-01 00:18:00
Giacomo GI1017,1,$1,2025-02-01 00:18:00
Nike 8213,69930,30% marcos + cristales,2025-02-01 00:18:00
Polo RLPH2212,83230,30% marcos + cristales,2025-02-01 00:18:00
Miraflex New baby 4,48930,30% marcos + cristales,2025-02-01 00:18:00
Lucca LU1015,23335,35% marcos + cristales,2025-02-01 00:18:00
Ray Ban Spiderman Kids RY1555,79730,30% marcos + cristales,2025-02-01 00:18:00
Giacomo GI1013,1,$1,2025-02-01 00:18:00
Harper Kids HA1156,21385,35% marcos + cristales,2025-02-01 00:18:00
Harper HA1148,35685,35% marcos + cristales,2025-02-01 00:18:00
THilfigr TH1998,87430,30% marcos + cristales,2025-02-01 00:18:00
Arnette 0AN7252,48230,30% marcos + cristales,2025-02-01 00:18:00
Polo 0PH2281U,136900,0,2025-02-01 00:18:00
Harper HA1008,35685,35% marcos + cristales,2025-02-01 00:18:00
Harper HA1184,35685,35% marcos + cristales,2025-02-01 00:18:00
Harper Kids HA1172,21385,35% marcos + cristales,2025-02-01 00:18:00
Giacomo GI1004,1,$1,2025-02-01 00:18:00
Harper Juvenil HA1158,28535,35% marcos + cristales,2025-02-01 00:18:00
Polaroid Kids PLD D823,38430,30% marcos + cristales,2025-02-01 00:18:00
Giacomo GI1008,1,$1,2025-02-01 00:18:00
Under Armour UA5071/G,108430,30% marcos + cristales,2025-02-01 00:18:00
Hugo HG1004,90930,30% marcos + cristales,2025-02-01 00:18:00
Harper HA1006,35685,35% marcos + cristales,2025-02-01 00:18:00
Harper HA1149 Clip On,42835,35% marcos + cristales,2025-02-01 00:18:00
Cat CTO3013,69930,30% marcos + cristales,2025-02-01 00:18:00
Adidas OR5052,97930,30% marcos + cristales,2025-02-01 00:18:00
Giacomo GI1021,1,$1,2025-02-01 00:18:00
Harper HA1148,35685,35% marcos + cristales,2025-02-01 00:18:00
Arnette 0AN7251U,54530,30% marcos + cristales,2025-02-01 00:18:00
Prada 0PRA13V,244930,30% marcos + cristales,2025-02-01 00:18:00
Polo RLPH2273,131530,30% marcos + cristales,2025-02-01 00:18:00
Polaroid PLD D381,53830,30% marcos + cristales,2025-02-01 00:18:00
Persol 0PO2460V,172130,30% marcos + cristales,2025-02-01 00:18:00
Lucca LU1004,1,$1,2025-02-01 00:18:00
Harper HA1150,35685,35% marcos + cristales,2025-02-01 00:18:00
Kalani KA1016,35685,35% marcos + cristales,2025-02-01 00:18:00
Sc Ferrari FZ8003U,69930,30% marcos + cristales,2025-02-01 00:18:00
RayBan Change RX4340V,187900,0,2025-02-01 00:18:00
Emporio 0EA3246,136900,0,2025-02-01 00:18:00
Sc Ferrari 0FZ8012U,154900,0,2025-02-01 00:18:00
Emporio 0EA3206,102830,30% marcos + cristales,2025-02-01 00:18:00
Polaroid Kids Clip On PLD 8055,52430,30% marcos + cristales,2025-02-01 00:18:00
Harper HA1148,35685,35% marcos + cristales,2025-02-01 00:18:00
Harper HA1147,35685,35% marcos + cristales,2025-02-01 00:18:00
Harper HA1010,35685,35% marcos + cristales,2025-02-01 00:18:00
Harper HA1186,23335,35% marcos + cristales,2025-02-01 00:18:00
Harper HA1150,35685,35% marcos + cristales,2025-02-01 00:18:00
Oakley 0OX5073,144830,30% marcos + cristales,2025-02-01 00:18:00
Harper Kids HA1154,21385,35% marcos + cristales,2025-02-01 00:18:00
Harper Juvenil  HA101,28535,35% marcos + cristales,2025-02-01 00:18:00
Harper HA1201,46900,0,2025-02-01 00:18:00
Harper HA1209,35900,0,2025-02-01 00:18:00
Harper HA1205,46900,0,2025-02-01 00:18:00
Arnette AN7262U,77900,0,2025-02-01 00:18:00
Persol 0PO3337V,165130,30% marcos + cristales,2025-02-01 00:18:00
CKJeans CKJ492AF,69930,30% marcos + cristales,2025-02-01 00:18:00
Harper HA1055,1,$1,2025-02-01 00:18:00
Carrera C226,93030,30% marcos + cristales,2025-02-01 00:18:00
Miraflex 0MF4002,38430,30% marcos + cristales,2025-02-01 00:18:00
Harper HA1169,35685,35% marcos + cristales,2025-02-01 00:18:00
Polaroid PLD517,60130,30% marcos + cristales,2025-02-01 00:18:00
Prada 0PRA08V,244930,30% marcos + cristales,2025-02-01 00:18:00
Arnette 0AN7246U,60830,30% marcos + cristales,2025-02-01 00:18:00
Polaroid PLD534/G,60130,30% marcos + cristales,2025-02-01 00:18:00
Harper HA1210,30485,35% marcos + cristales,2025-02-01 00:18:00
Persol PO3345V,285900,0,2025-02-01 00:18:00
Harper HA1207,46900,0,2025-02-01 00:18:00
Emporio 0EA3218,95830,30% marcos + cristales,2025-02-01 00:18:00
Harper HA1070,1,$1,2025-02-01 00:18:00
UnderArm UA 5053,90930,30% marcos + cristales,2025-02-01 00:18:00
Giacomo GI1003,1,$1,2025-02-01 00:18:00
Harper Juvenil HA1304,1,$1,2025-02-01 00:18:00
Harper HA1326,42835,35% marcos + cristales,2025-02-01 00:18:00
Harper Juvenil HA1013,1,$1,2025-02-01 00:18:00
Harper HA1305,35685,35% marcos + cristales,2025-02-01 00:18:00
Nike 8212,69930,30% marcos + cristales,2025-02-01 00:18:00
Emporio 0EA1027,128900,0,2025-02-01 00:18:00
Carrera C308,90930,30% marcos + cristales,2025-02-01 00:18:00
Harper HA1075,30485,35% marcos + cristales,2025-02-01 00:18:00
Harper HA1061,30485,35% marcos + cristales,2025-02-01 00:18:00
Polaroid Clip On PLD2148/CS,104900,0,2025-02-01 00:18:00
Harper Juvenil HA1173,28535,35% marcos + cristales,2025-02-01 00:18:00
Harper HA1155,35685,35% marcos + cristales,2025-02-01 00:18:00
Harper HA1159,35685,35% marcos + cristales,2025-02-01 00:18:00
Hugo HG1307,90230,30% marcos + cristales,2025-02-01 00:18:00
Sc Ferrari FZ8003U,69930,30% marcos + cristales,2025-02-01 00:18:00
Sc Ferrari  FZ8005U,114730,30% marcos + cristales,2025-02-01 00:18:00
Harper HA1203,46900,0,2025-02-01 00:18:00
Harper HA1206,46900,0,2025-02-01 00:18:00
Oakley 0OX8186,165900,0,2025-02-01 00:18:00
Harper HA1208,46900,0,2025-02-01 00:18:00
Lacoste L2910,99900,0,2025-02-01 00:18:00
Persol 0PO3359V,260900,0,2025-02-01 00:18:00
Polaroid PLD D447,53830,30% marcos + cristales,2025-02-01 00:18:00
Prada  0PR15YV,216930,30% marcos + cristales,2025-02-01 00:18:00
RayBan 0RX6497,109830,30% marcos + cristales,2025-02-01 00:18:00
Hugo HG1199,97930,30% marcos + cristales,2025-02-01 00:18:00
Hugo HG1210,97930,30% marcos + cristales,2025-02-01 00:18:00
Ray Ban Spiderman Kids RY1555,79730,30% marcos + cristales,2025-02-01 00:18:00
Harper HA1325,35685,35% marcos + cristales,2025-02-01 00:18:00
Harper HA1305,35685,35% marcos + cristales,2025-02-01 00:18:00
Harper Kids HA1155,21385,35% marcos + cristales,2025-02-01 00:18:00
Harper Kids HA1154,21385,35% marcos + cristales,2025-02-01 00:18:00
Lucca LU1031,23335,35% marcos + cristales,2025-02-01 00:18:00
Miraflex 0MF4012,42630,30% marcos + cristales,2025-02-01 00:18:00
Polaroid PLD523/G,60130,30% marcos + cristales,2025-02-01 00:18:00
Adidas SP5060,97930,30% marcos + cristales,2025-02-01 00:18:00
RayBan 0RX5431,156900,0,2025-02-01 00:18:00
CAT CTO3003,94900,0,2025-02-01 00:18:00
Prada  0PR58ZV,203630,30% marcos + cristales,2025-02-01 00:18:00
Harper HA1056,30485,35% marcos + cristales,2025-02-01 00:18:00
Harper HA1057,30485,35% marcos + cristales,2025-02-01 00:18:00
Nike 7400,69930,30% marcos + cristales,2025-02-01 00:18:00
RayBan Kids RY1621,50330,30% marcos + cristales,2025-02-01 00:18:00
RayBan 0RX7214,116130,30% marcos + cristales,2025-02-01 00:18:00
Ralph 0RA7160U,71330,30% marcos + cristales,2025-02-01 00:18:00
RayBan 0RX2241V,109830,30% marcos + cristales,2025-02-01 00:18:00
Lucca LU1022,23335,35% marcos + cristales,2025-02-01 00:18:00
Harper HA1125,1,$1,2025-02-01 00:18:00
Harper HA1149,35685,35% marcos + cristales,2025-02-01 00:18:00
Harper HA1122,1,$1,2025-02-01 00:18:00
Polaroid Kids PLD D829,41930,30% marcos + cristales,2025-02-01 00:18:00
Harper HA1335,35685,35% marcos + cristales,2025-02-01 00:18:00
THilfigr TH1945,97930,30% marcos + cristales,2025-02-01 00:18:00
Hugo HG1309,97230,30% marcos + cristales,2025-02-01 00:18:00
Sc Ferrari FZ7002,108430,30% marcos + cristales,2025-02-01 00:18:00
Sc Ferrari FZ8004U,69930,30% marcos + cristales,2025-02-01 00:18:00
Sc Ferrari  FZ8001U,87430,30% marcos + cristales,2025-02-01 00:18:00
Lacoste L2921,99990,0,2025-02-01 00:18:00
Polaroid PLD2132/CS,104900,0,2025-02-01 00:18:00
Harper HA1180,35685,35% marcos + cristales,2025-02-01 00:18:00
Harper HA1179,35685,35% marcos + cristales,2025-02-01 00:18:00
Polaroid Kids PLD D814,38430,30% marcos + cristales,2025-02-01 00:18:00
Harper HA1060,30485,35% marcos + cristales,2025-02-01 00:18:00
Carrera C262,104930,30% marcos + cristales,2025-02-01 00:18:00
RayBan 0RX5489,156900,0,2025-02-01 00:18:00
Arnette AN7208,68900,0,2025-02-01 00:18:00
Harper HA1204,46900,0,2025-02-01 00:18:00
Prada  0PR16MV,172130,30% marcos + cristales,2025-02-01 00:18:00
Harper HA1073,30485,35% marcos + cristales,2025-02-01 00:18:00
Harper HA1064,30485,35% marcos + cristales,2025-02-01 00:18:00
Miraflex Baby Lux 2,38430,30% marcos + cristales,2025-02-01 00:18:00
Harper HA1114,1,$1,2025-02-01 00:18:00
CKJeans CKJ492AF,69930,30% marcos + cristales,2025-02-01 00:18:00
Cat CTO3013,69930,30% marcos + cristales,2025-02-01 00:18:00
Harper HA1149,35685,35% marcos + cristales,2025-02-01 00:18:00
Harper HA1127,1,$1,2025-02-01 00:18:00
Sc Ferrari FZ8002U,69930,30% marcos + cristales,2025-02-01 00:18:00
Cat CTO 3017,69930,30% marcos + cristales,2025-02-01 00:18:00
Polaroid Kids PLD837,44030,30% marcos + cristales,2025-02-01 00:18:00
Kalani KA1038,35685,35% marcos + cristales,2025-02-01 01:16:00
Kalani KA1039,35685,35% marcos + cristales,2025-02-01 01:16:00
Kalani KA1044,35685,35% marcos + cristales,2025-02-01 01:16:00
Kalani KA1039,35685,35% marcos + cristales,2025-02-01 01:16:00
Under Armour UA 5018/G,1,$1,2025-02-01 01:16:00
RayBan 0RX7046,92330,30% marcos + cristales,2025-02-01 01:16:00
Kalani KA1059,35685,35% marcos + cristales,2025-02-01 01:16:00
Ray Ban 0RX6375,99330,30% marcos + cristales,2025-02-01 01:16:00
Kalani KA1006,35685,35% marcos + cristales,2025-02-01 01:16:00
Kalani KA1005,35685,35% marcos + cristales,2025-02-01 01:16:00
Kalani KA1001,35685,35% marcos + cristales,2025-02-01 01:16:00
Kalani KA1045,35685,35% marcos + cristales,2025-02-01 01:16:00
Kalani KA1044,35685,35% marcos + cristales,2025-02-01 01:16:00
Lucca LU1018,23335,35% marcos + cristales,2025-02-01 01:16:00
Kalani KA1037,1,$1,2025-02-01 01:16:00
Harper HA1004,1,$1,2025-02-01 01:16:00
RayBan 0RX5418,109830,30% marcos + cristales,2025-02-01 01:16:00
Kalani KA1042,35685,35% marcos + cristales,2025-02-01 01:16:00
Giacomo GI1001,1,$1,2025-02-01 01:16:00
Kalani KA1009,1,$1,2025-02-01 01:16:00
Harper HA1051,30485,35% marcos + cristales,2025-02-01 01:16:00
Kalani KA1012,35685,35% marcos + cristales,2025-02-01 01:16:00
Giacomo GI1008,1,$1,2025-02-01 01:16:00
Lucca LU1009,23335,35% marcos + cristales,2025-02-01 01:16:00
Giacomo GI1026,1,$1,2025-02-01 01:16:00
Kalani KA1043,35685,35% marcos + cristales,2025-02-01 01:16:00
Giacomo GI1022,1,$1,2025-02-01 01:16:00
Giacomo GI1020,1,$1,2025-02-01 01:16:00
Ray Ban 0RX7017,116130,30% marcos + cristales,2025-02-01 01:16:00
Kalani KA1014,1,$1,2025-02-01 01:16:00
RayBan 0RX5154,116130,30% marcos + cristales,2025-02-01 01:16:00
Kalani KA1056,1,$1,2025-02-01 01:16:00
Kalani KA1013,35685,35% marcos + cristales,2025-02-01 01:16:00
RayBan 0RX6494,123130,30% marcos + cristales,2025-02-01 01:16:00
Kalani KA1040,1,$1,2025-02-01 01:16:00
Giacomo GI1002,1,$1,2025-02-01 01:16:00
Kalani KA1056,1,$1,2025-02-01 01:16:00
Lucca LU1005,23335,35% marcos + cristales,2025-02-01 01:16:00
Kalani KA1006,35685,35% marcos + cristales,2025-02-01 01:16:00
Lucca LU1016,23335,35% marcos + cristales,2025-02-01 01:16:00
Emporio 0EA3229,95830,30% marcos + cristales,2025-02-01 01:16:00
Kalani KA1003,1,$1,2025-02-01 01:16:00
Kalani KA1004,35685,35% marcos + cristales,2025-02-01 01:16:00
Lucca LU1021,23335,35% marcos + cristales,2025-02-01 01:16:00
RayBan 0RX6335,109830,30% marcos + cristales,2025-02-01 01:16:00
Giacomo GI1009,1,$1,2025-02-01 01:16:00
Kalani KA1012,35685,35% marcos + cristales,2025-02-01 01:16:00
Kalani KA1013,35685,35% marcos + cristales,2025-02-01 01:16:00
Kalani KA1016,35685,35% marcos + cristales,2025-02-01 01:16:00
Kalani KA1016,35685,35% marcos + cristales,2025-02-01 01:16:00
Kalani KA1011,35685,35% marcos + cristales,2025-02-01 01:16:00
Cat Chuck,69930,30% marcos + cristales,2025-02-01 01:16:00
Giacomo GI1010,1,$1,2025-02-01 01:16:00
Kalani KA1003,1,$1,2025-02-01 01:16:00
Harper HA1009,1,$1,2025-02-01 01:16:00
Giacomo GI1023,1,$1,2025-02-01 01:16:00
Giacomo GI1015,1,$1,2025-02-01 01:16:00
Giacomo GI1016,1,$1,2025-02-01 01:16:00
Kalani KA1007,35685,35% marcos + cristales,2025-02-01 01:16:00
Harper HA1002,35685,35% marcos + cristales,2025-02-01 01:16:00
Kalani KA1060,1,$1,2025-02-01 01:16:00
Lacoste L3637,69993,30% marcos + cristales,2025-02-01 01:16:00
Cat Hex,69930,30% marcos + cristales,2025-02-01 01:16:00
Lucca LU1023,23335,35% marcos + cristales,2025-02-01 01:16:00
Miraflex 0MF4002,38430,30% marcos + cristales,2025-02-01 01:16:00
Kalani KA1038,1,$1,2025-02-01 01:16:00
Oakley 0OX8081,95830,30% marcos + cristales,2025-02-01 01:16:00
Kalani KA1037,1,$1,2025-02-01 01:16:00
Oakley 0OX8144,95830,30% marcos + cristales,2025-02-01 01:16:00
Emporio 0EA3233,109830,30% marcos + cristales,2025-02-01 01:16:00
Cat Dormer 106,66430,30% marcos + cristales,2025-02-01 01:16:00
Cat CTO3010,69930,30% marcos + cristales,2025-02-01 01:16:00
RayBan Kids RY9097V,50330,30% marcos + cristales,2025-02-01 01:16:00
Giacomo GI1007,1,$1,2025-02-01 01:16:00
Arnette 0AN7175,45430,30% marcos + cristales,2025-02-01 01:16:00
Kalani KA1058,1,$1,2025-02-01 01:16:00
Giacomo GI1006,1,$1,2025-02-01 01:16:00
Boss B1040,132930,30% marcos + cristales,2025-02-01 01:16:00
Cat Chisel,69930,30% marcos + cristales,2025-02-01 01:16:00
Oakley 0OX8177,80430,30% marcos + cristales,2025-02-01 01:16:00
Kalani KA1005,35685,35% marcos + cristales,2025-02-01 01:16:00
Polo RLPH2267,103530,30% marcos + cristales,2025-02-01 01:16:00
Cat Joiner,66430,30% marcos + cristales,2025-02-01 01:16:00
Harper HA1016,1,$1,2025-02-01 01:16:00
Boss B1007/IT,132930,30% marcos + cristales,2025-02-01 01:16:00
Prada 0PRA10V,244930,30% marcos + cristales,2025-02-01 01:16:00
Harper HA1158 Clip On,42835,35% marcos + cristales,2025-02-01 01:16:00
Rayban 0RX7229,116130,30% marcos + cristales,2025-02-01 01:16:00
Harper HA1054,30485,35% marcos + cristales,2025-02-01 01:16:00
Lucca LU1002,23335,35% marcos + cristales,2025-02-01 01:16:00
Lucca LU1002,23335,35% marcos + cristales,2025-02-01 01:16:00
Lucca LU1006,23335,35% marcos + cristales,2025-02-01 01:16:00
Hugo HG 1097,83930,30% marcos + cristales,2025-02-01 01:16:00
Polo RLPH2262,90230,30% marcos + cristales,2025-02-01 01:16:00
Giacomo GI1006,1,$1,2025-02-01 01:16:00
Polo RLPH1175,90230,30% marcos + cristales,2025-02-01 01:16:00
Harper HA1068,30485,35% marcos + cristales,2025-02-01 01:16:00
Miraflex 0MF4002,38430,30% marcos + cristales,2025-02-01 01:16:00
Harper HA1017,1,$1,2025-02-01 01:16:00
Miraflex 0MF4005,41930,30% marcos + cristales,2025-02-01 01:16:00
Harper HA1053,30485,35% marcos + cristales,2025-02-01 01:16:00
Puma PU0094O,1,$1,2025-02-01 01:16:00
Kalani KA1007,1,$1,2025-02-01 01:16:00
Kalani KA1014,1,$1,2025-02-01 01:16:00
Harper HA1058,30485,35% marcos + cristales,2025-02-01 01:16:00
Kalani KA1001,1,$1,2025-02-01 01:16:00
Polo RLPH2083,100030,30% marcos + cristales,2025-02-01 01:16:00
Harper HA1074,30485,35% marcos + cristales,2025-02-01 01:16:00
Oakley 0OX3227,123130,30% marcos + cristales,2025-02-01 01:16:00
Harper HA1067,1,$1,2025-02-01 01:16:00
Kalani KA1011,1,$1,2025-02-01 01:16:00
Kalani KA1060,1,$1,2025-02-01 01:16:00
Rayban 0RX7225,99330,30% marcos + cristales,2025-02-01 01:16:00
Giacomo GI1018,1,$1,2025-02-01 01:16:00
Harper HA1007,23335,35% marcos + cristales,2025-02-01 01:16:00
Kalani KA1058,1,$1,2025-02-01 01:16:00
Ray Ban 0RX7199,130130,30% marcos + cristales,2025-02-01 01:16:00
Emporio 0EA3177,95830,30% marcos + cristales,2025-02-01 01:16:00
Miraflex Juvenil 0MF4002,38430,30% marcos + cristales,2025-02-01 01:16:00
Harper HA1163,35685,35% marcos + cristales,2025-02-01 01:16:00
Kalani KA1008,1,$1,2025-02-01 01:16:00
Lucca LU1008,23335,35% marcos + cristales,2025-02-01 01:16:00
Emporio 0EA3227,102830,30% marcos + cristales,2025-02-01 01:16:00
Kalani KA1004,35685,35% marcos + cristales,2025-02-01 01:16:00
Ray Ban Kids 0RY1549,69230,30% marcos + cristales,2025-02-01 01:16:00
Cat Gambrel,69930,30% marcos + cristales,2025-02-01 01:16:00
Arnette 0AN6135,67830,30% marcos + cristales,2025-02-01 01:16:00
Adidas SP5056,79030,30% marcos + cristales,2025-02-01 01:16:00
Oakley 0OX8153,130130,30% marcos + cristales,2025-02-01 01:16:00
Harper HA1005,1,$1,2025-02-01 01:16:00
THilfigr TH2046,116830,30% marcos + cristales,2025-02-01 01:16:00
Ray Ban 0RX3447,109830,30% marcos + cristales,2025-02-01 01:16:00
Kalani KA1059,1,$1,2025-02-01 01:16:00
THilfigr TH1918,111930,30% marcos + cristales,2025-02-01 01:16:00
Kalani KA1009,1,$1,2025-02-01 01:16:00
Giacomo GI1001,1,$1,2025-02-01 01:16:00
Harper HA1015,23335,35% marcos + cristales,2025-02-01 01:16:00
RayBan 0RX6520,109830,30% marcos + cristales,2025-02-01 01:16:00
Arnette Montrose AN7224,54530,30% marcos + cristales,2025-02-01 01:16:00
Polaroid Kids PLD D823,38430,30% marcos + cristales,2025-02-01 01:16:00
THilfigr TH1694,111930,30% marcos + cristales,2025-02-01 01:16:00
THilfigr TH2041,111930,30% marcos + cristales,2025-02-01 01:16:00
Emporio 0EA3239,102830,30% marcos + cristales,2025-02-01 01:16:00
Harper HA1001,1,$1,2025-02-01 01:16:00
Harper HA1336 Clip On,42835,35% marcos + cristales,2025-02-01 01:16:00
Harper HA1019,1,$1,2025-02-01 01:16:00
Harper Juvenil HA1012,1,$1,2025-02-01 01:16:00
Oakley 0OX8056,95830,30% marcos + cristales,2025-02-01 01:16:00
RayBan 0RX5418,109830,30% marcos + cristales,2025-02-01 01:16:00
Lucca LU1020,23335,35% marcos + cristales,2025-02-01 01:16:00
Adidas SP5045,97930,30% marcos + cristales,2025-02-01 01:16:00
Harper Juvenil HA1010,1,$1,2025-02-01 01:16:00
Harper HA1013,23335,35% marcos + cristales,2025-02-01 01:16:00
Miraflex 0MF4001,38430,30% marcos + cristales,2025-02-01 01:16:00
Miraflex 0MF4001,38430,30% marcos + cristales,2025-02-01 01:16:00
Persol 0PO3343V,172130,30% marcos + cristales,2025-02-01 01:16:00
Arnette 0AN7241U,54530,30% marcos + cristales,2025-02-01 01:16:00
Harper HA1015,35685,35% marcos + cristales,2025-02-01 01:16:00
Cat CTO3015,69930,30% marcos + cristales,2025-02-01 01:16:00
Lucca LU1003,23335,35% marcos + cristales,2025-02-01 01:16:00
Cat CTO3015,69930,30% marcos + cristales,2025-02-01 01:16:00
Lucca LU1010,23335,35% marcos + cristales,2025-02-01 01:16:00
Giacomo GI1017,1,$1,2025-02-01 01:16:00
Harper HA1066,30485,35% marcos + cristales,2025-02-01 01:16:00
Harper HA1126,1,$1,2025-02-01 01:16:00
Oakley 0OX5078,195230,30% marcos + cristales,2025-02-01 01:16:00
Prada 0PRA55V,203630,30% marcos + cristales,2025-02-01 01:16:00
Nike 7130,69930,30% marcos + cristales,2025-02-01 01:16:00
Harper HA1174,35685,35% marcos + cristales,2025-02-01 01:16:00
Lucca LU1019,1,$1,2025-02-01 01:16:00
Hugo HG1246,97930,30% marcos + cristales,2025-02-01 01:16:00
Lucca LU1001,1,$1,2025-02-01 01:16:00
Giacomo GI1025,1,$1,2025-02-01 01:16:00
Harper HA1162,35685,35% marcos + cristales,2025-02-01 01:16:00
Cat CTO3016,69930,30% marcos + cristales,2025-02-01 01:16:00
Persol 0PO3315V,172130,30% marcos + cristales,2025-02-01 01:16:00
Giacomo GI1020,1,$1,2025-02-01 01:16:00
RayBan 0RX7216,116130,30% marcos + cristales,2025-02-01 01:16:00
Giacomo GI1016,1,$1,2025-02-01 01:16:00
Harper Kids HA1342,21385,35% marcos + cristales,2025-02-01 01:16:00
Oakley 0OX8178,88830,30% marcos + cristales,2025-02-01 01:16:00
THilfigr TH2091,97230,30% marcos + cristales,2025-02-01 01:16:00
Karun KAOF0083,1,$1,2025-02-01 01:16:00
Giacomo GI1019,1,$1,2025-02-01 01:16:00
Boss 1084/IT,139230,30% marcos + cristales,2025-02-01 01:16:00
CKJeans CKJ19510,69930,30% marcos + cristales,2025-02-01 01:16:00
Harper HA1161,35685,35% marcos + cristales,2025-02-01 01:16:00
Giacomo GI1018,1,$1,2025-02-01 01:16:00
Giacomo GI1004,1,$1,2025-02-01 01:16:00
Harper HA1146,30485,35% marcos + cristales,2025-02-01 01:16:00
Harper HA1014,1,$1,2025-02-01 01:16:00
Polo RLPH1190,90230,30% marcos + cristales,2025-02-01 01:16:00
Polo 0PH2283U,177900,0,2025-02-01 01:16:00
Lacoste L2250,69930,30% marcos + cristales,2025-02-01 01:16:00
Boss 1437,139930,30% marcos + cristales,2025-02-01 01:16:00
Lucca LU1013,1,$1,2025-02-01 01:16:00
Harper Juvenil  HA101,28535,35% marcos + cristales,2025-02-01 01:16:00
Under Armour UA5064,104930,30% marcos + cristales,2025-02-01 01:16:00
Polaroid Kids PLD D813,38430,30% marcos + cristales,2025-02-01 01:16:00
Harper HA1145,30485,35% marcos + cristales,2025-02-01 01:16:00
Harper HA1328,35685,35% marcos + cristales,2025-02-01 01:16:00
Harper HA1160,35685,35% marcos + cristales,2025-02-01 01:16:00
Giacomo GI1014,1,$1,2025-02-01 01:16:00
Harper HA1185,23335,35% marcos + cristales,2025-02-01 01:16:00
Arnette 0AN7247U,60830,30% marcos + cristales,2025-02-01 01:16:00
Adidas SP5059,97930,30% marcos + cristales,2025-02-01 01:16:00
Polaroid PLD D458/G,63630,30% marcos + cristales,2025-02-01 01:16:00
Arnette 0AN7232,48230,30% marcos + cristales,2025-02-01 01:16:00
Giacomo GI1011,1,$1,2025-02-01 01:16:00
Harper HA1052,30485,35% marcos + cristales,2025-02-01 01:16:00
Giacomo GI1027,1,$1,2025-02-01 01:16:00
Harper HA1178,35685,35% marcos + cristales,2025-02-01 01:16:00
Harper HA1126,1,$1,2025-02-01 01:16:00
Under Armour UA 5005/G,104930,30% marcos + cristales,2025-02-01 01:16:00
Harper HA1322,42835,35% marcos + cristales,2025-02-01 01:16:00
Sc Ferrari FZ7002,108430,30% marcos + cristales,2025-02-01 01:16:00
Sc Ferrari FZ8002U,69930,30% marcos + cristales,2025-02-01 01:16:00
Carrera CARDUC025,104930,30% marcos + cristales,2025-02-01 01:16:00
Persol 0PO3007VM,165130,30% marcos + cristales,2025-02-01 01:16:00
Persol 0PO3318V,165130,30% marcos + cristales,2025-02-01 01:16:00
Prada PRA52V,244930,30% marcos + cristales,2025-02-01 01:16:00
Under Armour UA 5000/G,90930,30% marcos + cristales,2025-02-01 01:16:00
Giacomo GI1013,1,$1,2025-02-01 01:16:00
Hugo HG1271,90930,30% marcos + cristales,2025-02-01 01:16:00
Harper HA1175,35685,35% marcos + cristales,2025-02-01 01:16:00
Harper HA1343,35685,35% marcos + cristales,2025-02-01 01:16:00
Giacomo GI1017,1,$1,2025-02-01 01:16:00
Nike 8213,69930,30% marcos + cristales,2025-02-01 01:16:00
Polo RLPH2212,83230,30% marcos + cristales,2025-02-01 01:16:00
Lucca LU1015,23335,35% marcos + cristales,2025-02-01 01:16:00
Miraflex New baby 4,48930,30% marcos + cristales,2025-02-01 01:16:00
Ray Ban Spiderman Kids RY1555,79730,30% marcos + cristales,2025-02-01 01:16:00
Harper HA1148,35685,35% marcos + cristales,2025-02-01 01:16:00
Giacomo GI1013,1,$1,2025-02-01 01:16:00
Harper Kids HA1156,21385,35% marcos + cristales,2025-02-01 01:16:00
THilfigr TH1998,87430,30% marcos + cristales,2025-02-01 01:16:00
Arnette 0AN7252,48230,30% marcos + cristales,2025-02-01 01:16:00
Polo 0PH2281U,136900,0,2025-02-01 01:16:00
Harper HA1008,35685,35% marcos + cristales,2025-02-01 01:16:00
Harper HA1184,35685,35% marcos + cristales,2025-02-01 01:16:00
Harper Kids HA1172,21385,35% marcos + cristales,2025-02-01 01:16:00
Giacomo GI1004,1,$1,2025-02-01 01:16:00
Harper Juvenil HA1158,28535,35% marcos + cristales,2025-02-01 01:16:00
Polaroid Kids PLD D823,38430,30% marcos + cristales,2025-02-01 01:16:00
Giacomo GI1008,1,$1,2025-02-01 01:16:00
Under Armour UA5071/G,108430,30% marcos + cristales,2025-02-01 01:16:00
Harper HA1006,35685,35% marcos + cristales,2025-02-01 01:16:00
Hugo HG1004,90930,30% marcos + cristales,2025-02-01 01:16:00
Harper HA1149 Clip On,42835,35% marcos + cristales,2025-02-01 01:16:00
Giacomo GI1021,1,$1,2025-02-01 01:16:00
Cat CTO3013,69930,30% marcos + cristales,2025-02-01 01:16:00
Adidas OR5052,97930,30% marcos + cristales,2025-02-01 01:16:00
Harper HA1148,35685,35% marcos + cristales,2025-02-01 01:16:00
Prada 0PRA13V,244930,30% marcos + cristales,2025-02-01 01:16:00
Arnette 0AN7251U,54530,30% marcos + cristales,2025-02-01 01:16:00
Polo RLPH2273,131530,30% marcos + cristales,2025-02-01 01:16:00
Polaroid PLD D381,53830,30% marcos + cristales,2025-02-01 01:16:00
Persol 0PO2460V,172130,30% marcos + cristales,2025-02-01 01:16:00
Lucca LU1004,1,$1,2025-02-01 01:16:00
Harper HA1150,35685,35% marcos + cristales,2025-02-01 01:16:00
Kalani KA1016,35685,35% marcos + cristales,2025-02-01 01:16:00
Sc Ferrari FZ8003U,69930,30% marcos + cristales,2025-02-01 01:16:00
RayBan Change RX4340V,187900,0,2025-02-01 01:16:00
Emporio 0EA3246,136900,0,2025-02-01 01:16:00
Sc Ferrari 0FZ8012U,154900,0,2025-02-01 01:16:00
Emporio 0EA3206,102830,30% marcos + cristales,2025-02-01 01:16:00
Polaroid Kids Clip On PLD 8055,52430,30% marcos + cristales,2025-02-01 01:16:00
Harper Kids HA1154,21385,35% marcos + cristales,2025-02-01 01:16:00
Oakley 0OX5073,144830,30% marcos + cristales,2025-02-01 01:16:00
Harper HA1148,35685,35% marcos + cristales,2025-02-01 01:16:00
Harper HA1147,35685,35% marcos + cristales,2025-02-01 01:16:00
Harper HA1010,35685,35% marcos + cristales,2025-02-01 01:16:00
Harper HA1186,23335,35% marcos + cristales,2025-02-01 01:16:00
Harper HA1150,35685,35% marcos + cristales,2025-02-01 01:16:00
Harper Juvenil  HA101,28535,35% marcos + cristales,2025-02-01 01:16:00
Harper HA1201,46900,0,2025-02-01 01:16:00
Harper HA1209,35900,0,2025-02-01 01:16:00
Arnette AN7262U,77900,0,2025-02-01 01:16:00
Harper HA1205,46900,0,2025-02-01 01:16:00
CKJeans CKJ492AF,69930,30% marcos + cristales,2025-02-01 01:16:00
Harper HA1055,1,$1,2025-02-01 01:16:00
Carrera C226,93030,30% marcos + cristales,2025-02-01 01:16:00
Persol 0PO3337V,165130,30% marcos + cristales,2025-02-01 01:16:00
Miraflex 0MF4002,38430,30% marcos + cristales,2025-02-01 01:16:00
Harper HA1169,35685,35% marcos + cristales,2025-02-01 01:16:00
Prada 0PRA08V,244930,30% marcos + cristales,2025-02-01 01:16:00
Polaroid PLD517,60130,30% marcos + cristales,2025-02-01 01:16:00
Arnette 0AN7246U,60830,30% marcos + cristales,2025-02-01 01:16:00
Polaroid PLD534/G,60130,30% marcos + cristales,2025-02-01 01:16:00
Harper HA1210,30485,35% marcos + cristales,2025-02-01 01:16:00
Persol PO3345V,285900,0,2025-02-01 01:16:00
Harper HA1207,46900,0,2025-02-01 01:16:00
UnderArm UA 5053,90930,30% marcos + cristales,2025-02-01 01:16:00
Giacomo GI1003,1,$1,2025-02-01 01:16:00
Emporio 0EA3218,95830,30% marcos + cristales,2025-02-01 01:16:00
Harper HA1070,1,$1,2025-02-01 01:16:00
Harper Juvenil HA1304,1,$1,2025-02-01 01:16:00
Harper HA1326,42835,35% marcos + cristales,2025-02-01 01:16:00
Harper Juvenil HA1013,1,$1,2025-02-01 01:16:00
Harper HA1305,35685,35% marcos + cristales,2025-02-01 01:16:00
Nike 8212,69930,30% marcos + cristales,2025-02-01 01:16:00
Emporio 0EA1027,128900,0,2025-02-01 01:16:00
Carrera C308,90930,30% marcos + cristales,2025-02-01 01:16:00
Harper HA1075,30485,35% marcos + cristales,2025-02-01 01:16:00
Harper HA1061,30485,35% marcos + cristales,2025-02-01 01:16:00
Polaroid Clip On PLD2148/CS,104900,0,2025-02-01 01:16:00
Harper HA1159,35685,35% marcos + cristales,2025-02-01 01:16:00
Harper Juvenil HA1173,28535,35% marcos + cristales,2025-02-01 01:16:00
Harper HA1155,35685,35% marcos + cristales,2025-02-01 01:16:00
Sc Ferrari FZ8003U,69930,30% marcos + cristales,2025-02-01 01:16:00
Hugo HG1307,90230,30% marcos + cristales,2025-02-01 01:16:00
Sc Ferrari  FZ8005U,114730,30% marcos + cristales,2025-02-01 01:16:00
Lacoste L2910,99900,0,2025-02-01 01:16:00
Harper HA1203,46900,0,2025-02-01 01:16:00
Oakley 0OX8186,165900,0,2025-02-01 01:16:00
Harper HA1206,46900,0,2025-02-01 01:16:00
Harper HA1208,46900,0,2025-02-01 01:16:00
Persol 0PO3359V,260900,0,2025-02-01 01:16:00
Polaroid PLD D447,53830,30% marcos + cristales,2025-02-01 01:16:00
Hugo HG1199,97930,30% marcos + cristales,2025-02-01 01:16:00
Hugo HG1210,97930,30% marcos + cristales,2025-02-01 01:16:00
Prada  0PR15YV,216930,30% marcos + cristales,2025-02-01 01:16:00
RayBan 0RX6497,109830,30% marcos + cristales,2025-02-01 01:16:00
Ray Ban Spiderman Kids RY1555,79730,30% marcos + cristales,2025-02-01 01:16:00
Harper Kids HA1155,21385,35% marcos + cristales,2025-02-01 01:16:00
Harper HA1325,35685,35% marcos + cristales,2025-02-01 01:16:00
Harper HA1305,35685,35% marcos + cristales,2025-02-01 01:16:00
Harper Kids HA1154,21385,35% marcos + cristales,2025-02-01 01:16:00
Lucca LU1031,23335,35% marcos + cristales,2025-02-01 01:16:00
Polaroid PLD523/G,60130,30% marcos + cristales,2025-02-01 01:16:00
Miraflex 0MF4012,42630,30% marcos + cristales,2025-02-01 01:16:00
Adidas SP5060,97930,30% marcos + cristales,2025-02-01 01:16:00
RayBan 0RX5431,156900,0,2025-02-01 01:16:00
CAT CTO3003,94900,0,2025-02-01 01:16:00
Nike 7400,69930,30% marcos + cristales,2025-02-01 01:16:00
RayBan Kids RY1621,50330,30% marcos + cristales,2025-02-01 01:16:00
Prada  0PR58ZV,203630,30% marcos + cristales,2025-02-01 01:16:00
Harper HA1056,30485,35% marcos + cristales,2025-02-01 01:16:00
Harper HA1057,30485,35% marcos + cristales,2025-02-01 01:16:00
Ralph 0RA7160U,71330,30% marcos + cristales,2025-02-01 01:16:00
RayBan 0RX2241V,109830,30% marcos + cristales,2025-02-01 01:16:00
RayBan 0RX7214,116130,30% marcos + cristales,2025-02-01 01:16:00
Polaroid Kids PLD D829,41930,30% marcos + cristales,2025-02-01 01:16:00
Harper HA1335,35685,35% marcos + cristales,2025-02-01 01:16:00
THilfigr TH1945,97930,30% marcos + cristales,2025-02-01 01:16:00
Lucca LU1022,23335,35% marcos + cristales,2025-02-01 01:16:00
Harper HA1125,1,$1,2025-02-01 01:16:00
Harper HA1149,35685,35% marcos + cristales,2025-02-01 01:16:00
Harper HA1122,1,$1,2025-02-01 01:16:00
Hugo HG1309,97230,30% marcos + cristales,2025-02-01 01:16:00
Sc Ferrari FZ7002,108430,30% marcos + cristales,2025-02-01 01:16:00
Sc Ferrari FZ8004U,69930,30% marcos + cristales,2025-02-01 01:16:00
Sc Ferrari  FZ8001U,87430,30% marcos + cristales,2025-02-01 01:16:00
Polaroid PLD2132/CS,104900,0,2025-02-01 01:16:00
Lacoste L2921,99990,0,2025-02-01 01:16:00
Harper HA1180,35685,35% marcos + cristales,2025-02-01 01:16:00
Harper HA1179,35685,35% marcos + cristales,2025-02-01 01:16:00
Polaroid Kids PLD D814,38430,30% marcos + cristales,2025-02-01 01:16:00
Harper HA1060,30485,35% marcos + cristales,2025-02-01 01:16:00
Carrera C262,104930,30% marcos + cristales,2025-02-01 01:16:00
RayBan 0RX5489,156900,0,2025-02-01 01:16:00
Arnette AN7208,68900,0,2025-02-01 01:16:00
Harper HA1204,46900,0,2025-02-01 01:16:00
Harper HA1073,30485,35% marcos + cristales,2025-02-01 01:16:00
Harper HA1064,30485,35% marcos + cristales,2025-02-01 01:16:00
Miraflex Baby Lux 2,38430,30% marcos + cristales,2025-02-01 01:16:00
Harper HA1114,1,$1,2025-02-01 01:16:00
CKJeans CKJ492AF,69930,30% marcos + cristales,2025-02-01 01:16:00
Prada  0PR16MV,172130,30% marcos + cristales,2025-02-01 01:16:00
Harper HA1149,35685,35% marcos + cristales,2025-02-01 01:16:00
Cat CTO3013,69930,30% marcos + cristales,2025-02-01 01:16:00
Harper HA1127,1,$1,2025-02-01 01:16:00
Sc Ferrari FZ8002U,69930,30% marcos + cristales,2025-02-01 01:16:00
Cat CTO 3017,69930,30% marcos + cristales,2025-02-01 01:16:00
Polaroid Kids PLD837,44030,30% marcos + cristales,2025-02-01 01:16:00
Kalani KA1038,35685,35% marcos + cristales,2025-02-01 02:13:00
Kalani KA1039,35685,35% marcos + cristales,2025-02-01 02:13:00
Kalani KA1044,35685,35% marcos + cristales,2025-02-01 02:13:00
Kalani KA1039,35685,35% marcos + cristales,2025-02-01 02:13:00
Under Armour UA 5018/G,1,$1,2025-02-01 02:13:00
RayBan 0RX7046,92330,30% marcos + cristales,2025-02-01 02:13:00
Kalani KA1059,35685,35% marcos + cristales,2025-02-01 02:13:00
Ray Ban 0RX6375,99330,30% marcos + cristales,2025-02-01 02:13:00
Kalani KA1006,35685,35% marcos + cristales,2025-02-01 02:13:00
Kalani KA1005,35685,35% marcos + cristales,2025-02-01 02:13:00
Kalani KA1001,35685,35% marcos + cristales,2025-02-01 02:13:00
Kalani KA1045,35685,35% marcos + cristales,2025-02-01 02:13:00
Kalani KA1044,35685,35% marcos + cristales,2025-02-01 02:13:00
Lucca LU1018,23335,35% marcos + cristales,2025-02-01 02:13:00
Kalani KA1037,1,$1,2025-02-01 02:13:00
Harper HA1004,1,$1,2025-02-01 02:13:00
RayBan 0RX5418,109830,30% marcos + cristales,2025-02-01 02:13:00
Kalani KA1042,35685,35% marcos + cristales,2025-02-01 02:13:00
Giacomo GI1001,1,$1,2025-02-01 02:13:00
Kalani KA1009,1,$1,2025-02-01 02:13:00
Harper HA1051,30485,35% marcos + cristales,2025-02-01 02:13:00
Kalani KA1012,35685,35% marcos + cristales,2025-02-01 02:13:00
Giacomo GI1008,1,$1,2025-02-01 02:13:00
Lucca LU1009,23335,35% marcos + cristales,2025-02-01 02:13:00
Giacomo GI1026,1,$1,2025-02-01 02:13:00
Kalani KA1043,35685,35% marcos + cristales,2025-02-01 02:13:00
Giacomo GI1022,1,$1,2025-02-01 02:13:00
Giacomo GI1020,1,$1,2025-02-01 02:13:00
Ray Ban 0RX7017,116130,30% marcos + cristales,2025-02-01 02:13:00
Kalani KA1014,1,$1,2025-02-01 02:13:00
RayBan 0RX5154,116130,30% marcos + cristales,2025-02-01 02:13:00
Kalani KA1056,1,$1,2025-02-01 02:13:00
Kalani KA1013,35685,35% marcos + cristales,2025-02-01 02:13:00
RayBan 0RX6494,123130,30% marcos + cristales,2025-02-01 02:13:00
Kalani KA1040,1,$1,2025-02-01 02:13:00
Giacomo GI1002,1,$1,2025-02-01 02:13:00
Kalani KA1056,1,$1,2025-02-01 02:13:00
Lucca LU1005,23335,35% marcos + cristales,2025-02-01 02:13:00
Kalani KA1006,35685,35% marcos + cristales,2025-02-01 02:13:00
Lucca LU1016,23335,35% marcos + cristales,2025-02-01 02:13:00
Emporio 0EA3229,95830,30% marcos + cristales,2025-02-01 02:13:00
Kalani KA1003,1,$1,2025-02-01 02:13:00
Kalani KA1004,35685,35% marcos + cristales,2025-02-01 02:13:00
Lucca LU1021,23335,35% marcos + cristales,2025-02-01 02:13:00
RayBan 0RX6335,109830,30% marcos + cristales,2025-02-01 02:13:00
Giacomo GI1009,1,$1,2025-02-01 02:13:00
Kalani KA1012,35685,35% marcos + cristales,2025-02-01 02:13:00
Kalani KA1013,35685,35% marcos + cristales,2025-02-01 02:13:00
Kalani KA1016,35685,35% marcos + cristales,2025-02-01 02:13:00
Kalani KA1016,35685,35% marcos + cristales,2025-02-01 02:13:00
Kalani KA1011,35685,35% marcos + cristales,2025-02-01 02:13:00
Cat Chuck,69930,30% marcos + cristales,2025-02-01 02:13:00
Giacomo GI1010,1,$1,2025-02-01 02:13:00
Kalani KA1003,1,$1,2025-02-01 02:13:00
Harper HA1009,1,$1,2025-02-01 02:13:00
Giacomo GI1023,1,$1,2025-02-01 02:13:00
Giacomo GI1015,1,$1,2025-02-01 02:13:00
Giacomo GI1016,1,$1,2025-02-01 02:13:00
Kalani KA1007,35685,35% marcos + cristales,2025-02-01 02:13:00
Harper HA1002,35685,35% marcos + cristales,2025-02-01 02:13:00
Kalani KA1060,1,$1,2025-02-01 02:13:00
Lacoste L3637,69993,30% marcos + cristales,2025-02-01 02:13:00
Cat Hex,69930,30% marcos + cristales,2025-02-01 02:13:00
Lucca LU1023,23335,35% marcos + cristales,2025-02-01 02:13:00
Miraflex 0MF4002,38430,30% marcos + cristales,2025-02-01 02:13:00
Kalani KA1038,1,$1,2025-02-01 02:13:00
Oakley 0OX8081,95830,30% marcos + cristales,2025-02-01 02:13:00
Kalani KA1037,1,$1,2025-02-01 02:13:00
Oakley 0OX8144,95830,30% marcos + cristales,2025-02-01 02:13:00
Emporio 0EA3233,109830,30% marcos + cristales,2025-02-01 02:13:00
Cat Dormer 106,66430,30% marcos + cristales,2025-02-01 02:13:00
Cat CTO3010,69930,30% marcos + cristales,2025-02-01 02:13:00
RayBan Kids RY9097V,50330,30% marcos + cristales,2025-02-01 02:13:00
Giacomo GI1007,1,$1,2025-02-01 02:13:00
Arnette 0AN7175,45430,30% marcos + cristales,2025-02-01 02:13:00
Kalani KA1058,1,$1,2025-02-01 02:13:00
Giacomo GI1006,1,$1,2025-02-01 02:13:00
Boss B1040,132930,30% marcos + cristales,2025-02-01 02:13:00
Cat Chisel,69930,30% marcos + cristales,2025-02-01 02:13:00
Oakley 0OX8177,80430,30% marcos + cristales,2025-02-01 02:13:00
Kalani KA1005,35685,35% marcos + cristales,2025-02-01 02:13:00
Polo RLPH2267,103530,30% marcos + cristales,2025-02-01 02:13:00
Cat Joiner,66430,30% marcos + cristales,2025-02-01 02:13:00
Harper HA1016,1,$1,2025-02-01 02:13:00
Boss B1007/IT,132930,30% marcos + cristales,2025-02-01 02:13:00
Prada 0PRA10V,244930,30% marcos + cristales,2025-02-01 02:13:00
Harper HA1158 Clip On,42835,35% marcos + cristales,2025-02-01 02:13:00
Rayban 0RX7229,116130,30% marcos + cristales,2025-02-01 02:13:00
Harper HA1054,30485,35% marcos + cristales,2025-02-01 02:13:00
Lucca LU1002,23335,35% marcos + cristales,2025-02-01 02:13:00
Lucca LU1002,23335,35% marcos + cristales,2025-02-01 02:13:00
Lucca LU1006,23335,35% marcos + cristales,2025-02-01 02:13:00
Hugo HG 1097,83930,30% marcos + cristales,2025-02-01 02:13:00
Polo RLPH2262,90230,30% marcos + cristales,2025-02-01 02:13:00
Giacomo GI1006,1,$1,2025-02-01 02:13:00
Polo RLPH1175,90230,30% marcos + cristales,2025-02-01 02:13:00
Harper HA1068,30485,35% marcos + cristales,2025-02-01 02:13:00
Miraflex 0MF4002,38430,30% marcos + cristales,2025-02-01 02:13:00
Harper HA1017,1,$1,2025-02-01 02:13:00
Miraflex 0MF4005,41930,30% marcos + cristales,2025-02-01 02:13:00
Harper HA1053,30485,35% marcos + cristales,2025-02-01 02:13:00
Puma PU0094O,1,$1,2025-02-01 02:13:00
Kalani KA1007,1,$1,2025-02-01 02:13:00
Kalani KA1014,1,$1,2025-02-01 02:13:00
Harper HA1058,30485,35% marcos + cristales,2025-02-01 02:13:00
Kalani KA1001,1,$1,2025-02-01 02:13:00
Polo RLPH2083,100030,30% marcos + cristales,2025-02-01 02:13:00
Harper HA1074,30485,35% marcos + cristales,2025-02-01 02:13:00
Oakley 0OX3227,123130,30% marcos + cristales,2025-02-01 02:13:00
Harper HA1067,1,$1,2025-02-01 02:13:00
Kalani KA1011,1,$1,2025-02-01 02:13:00
Kalani KA1060,1,$1,2025-02-01 02:13:00
Rayban 0RX7225,99330,30% marcos + cristales,2025-02-01 02:13:00
Giacomo GI1018,1,$1,2025-02-01 02:13:00
Harper HA1007,23335,35% marcos + cristales,2025-02-01 02:13:00
Kalani KA1058,1,$1,2025-02-01 02:13:00
Ray Ban 0RX7199,130130,30% marcos + cristales,2025-02-01 02:13:00
Emporio 0EA3177,95830,30% marcos + cristales,2025-02-01 02:13:00
Miraflex Juvenil 0MF4002,38430,30% marcos + cristales,2025-02-01 02:13:00
Harper HA1163,35685,35% marcos + cristales,2025-02-01 02:13:00
Kalani KA1008,1,$1,2025-02-01 02:13:00
Lucca LU1008,23335,35% marcos + cristales,2025-02-01 02:13:00
Emporio 0EA3227,102830,30% marcos + cristales,2025-02-01 02:13:00
Kalani KA1004,35685,35% marcos + cristales,2025-02-01 02:13:00
Ray Ban Kids 0RY1549,69230,30% marcos + cristales,2025-02-01 02:13:00
Cat Gambrel,69930,30% marcos + cristales,2025-02-01 02:13:00
Arnette 0AN6135,67830,30% marcos + cristales,2025-02-01 02:13:00
Adidas SP5056,79030,30% marcos + cristales,2025-02-01 02:13:00
Oakley 0OX8153,130130,30% marcos + cristales,2025-02-01 02:13:00
Harper HA1005,1,$1,2025-02-01 02:13:00
THilfigr TH2046,116830,30% marcos + cristales,2025-02-01 02:13:00
Ray Ban 0RX3447,109830,30% marcos + cristales,2025-02-01 02:13:00
Kalani KA1059,1,$1,2025-02-01 02:13:00
THilfigr TH1918,111930,30% marcos + cristales,2025-02-01 02:13:00
Kalani KA1009,1,$1,2025-02-01 02:13:00
Giacomo GI1001,1,$1,2025-02-01 02:13:00
Harper HA1015,23335,35% marcos + cristales,2025-02-01 02:13:00
RayBan 0RX6520,109830,30% marcos + cristales,2025-02-01 02:13:00
Arnette Montrose AN7224,54530,30% marcos + cristales,2025-02-01 02:13:00
Polaroid Kids PLD D823,38430,30% marcos + cristales,2025-02-01 02:13:00
THilfigr TH1694,111930,30% marcos + cristales,2025-02-01 02:13:00
THilfigr TH2041,111930,30% marcos + cristales,2025-02-01 02:13:00
Emporio 0EA3239,102830,30% marcos + cristales,2025-02-01 02:13:00
Harper HA1001,1,$1,2025-02-01 02:13:00
Harper HA1336 Clip On,42835,35% marcos + cristales,2025-02-01 02:13:00
Harper HA1019,1,$1,2025-02-01 02:13:00
Harper Juvenil HA1012,1,$1,2025-02-01 02:13:00
Oakley 0OX8056,95830,30% marcos + cristales,2025-02-01 02:13:00
RayBan 0RX5418,109830,30% marcos + cristales,2025-02-01 02:13:00
Lucca LU1020,23335,35% marcos + cristales,2025-02-01 02:13:00
Adidas SP5045,97930,30% marcos + cristales,2025-02-01 02:13:00
Harper Juvenil HA1010,1,$1,2025-02-01 02:13:00
Harper HA1013,23335,35% marcos + cristales,2025-02-01 02:13:00
Miraflex 0MF4001,38430,30% marcos + cristales,2025-02-01 02:13:00
Miraflex 0MF4001,38430,30% marcos + cristales,2025-02-01 02:13:00
Persol 0PO3343V,172130,30% marcos + cristales,2025-02-01 02:13:00
Arnette 0AN7241U,54530,30% marcos + cristales,2025-02-01 02:13:00
Harper HA1015,35685,35% marcos + cristales,2025-02-01 02:13:00
Cat CTO3015,69930,30% marcos + cristales,2025-02-01 02:13:00
Lucca LU1003,23335,35% marcos + cristales,2025-02-01 02:13:00
Cat CTO3015,69930,30% marcos + cristales,2025-02-01 02:13:00
Lucca LU1010,23335,35% marcos + cristales,2025-02-01 02:13:00
Giacomo GI1017,1,$1,2025-02-01 02:13:00
Harper HA1066,30485,35% marcos + cristales,2025-02-01 02:13:00
Harper HA1126,1,$1,2025-02-01 02:13:00
Oakley 0OX5078,195230,30% marcos + cristales,2025-02-01 02:13:00
Prada 0PRA55V,203630,30% marcos + cristales,2025-02-01 02:13:00
Nike 7130,69930,30% marcos + cristales,2025-02-01 02:13:00
Harper HA1174,35685,35% marcos + cristales,2025-02-01 02:13:00
Lucca LU1019,1,$1,2025-02-01 02:13:00
Hugo HG1246,97930,30% marcos + cristales,2025-02-01 02:13:00
Lucca LU1001,1,$1,2025-02-01 02:13:00
Giacomo GI1025,1,$1,2025-02-01 02:13:00
Harper HA1162,35685,35% marcos + cristales,2025-02-01 02:13:00
Cat CTO3016,69930,30% marcos + cristales,2025-02-01 02:13:00
Persol 0PO3315V,172130,30% marcos + cristales,2025-02-01 02:13:00
Giacomo GI1020,1,$1,2025-02-01 02:13:00
RayBan 0RX7216,116130,30% marcos + cristales,2025-02-01 02:13:00
Giacomo GI1016,1,$1,2025-02-01 02:13:00
Harper Kids HA1342,21385,35% marcos + cristales,2025-02-01 02:13:00
Oakley 0OX8178,88830,30% marcos + cristales,2025-02-01 02:13:00
THilfigr TH2091,97230,30% marcos + cristales,2025-02-01 02:13:00
Karun KAOF0083,1,$1,2025-02-01 02:13:00
Giacomo GI1019,1,$1,2025-02-01 02:13:00
Boss 1084/IT,139230,30% marcos + cristales,2025-02-01 02:13:00
CKJeans CKJ19510,69930,30% marcos + cristales,2025-02-01 02:13:00
Harper HA1161,35685,35% marcos + cristales,2025-02-01 02:13:00
Giacomo GI1018,1,$1,2025-02-01 02:13:00
Giacomo GI1004,1,$1,2025-02-01 02:13:00
Harper HA1146,30485,35% marcos + cristales,2025-02-01 02:13:00
Harper HA1014,1,$1,2025-02-01 02:13:00
Polo RLPH1190,90230,30% marcos + cristales,2025-02-01 02:13:00
Polo 0PH2283U,177900,0,2025-02-01 02:13:00
Lacoste L2250,69930,30% marcos + cristales,2025-02-01 02:13:00
Boss 1437,139930,30% marcos + cristales,2025-02-01 02:13:00
Lucca LU1013,1,$1,2025-02-01 02:13:00
Harper Juvenil  HA101,28535,35% marcos + cristales,2025-02-01 02:13:00
Under Armour UA5064,104930,30% marcos + cristales,2025-02-01 02:13:00
Polaroid Kids PLD D813,38430,30% marcos + cristales,2025-02-01 02:13:00
Harper HA1145,30485,35% marcos + cristales,2025-02-01 02:13:00
Harper HA1328,35685,35% marcos + cristales,2025-02-01 02:13:00
Harper HA1160,35685,35% marcos + cristales,2025-02-01 02:13:00
Giacomo GI1014,1,$1,2025-02-01 02:13:00
Harper HA1185,23335,35% marcos + cristales,2025-02-01 02:13:00
Arnette 0AN7247U,60830,30% marcos + cristales,2025-02-01 02:13:00
Adidas SP5059,97930,30% marcos + cristales,2025-02-01 02:13:00
Polaroid PLD D458/G,63630,30% marcos + cristales,2025-02-01 02:13:00
Arnette 0AN7232,48230,30% marcos + cristales,2025-02-01 02:13:00
Giacomo GI1011,1,$1,2025-02-01 02:13:00
Harper HA1052,30485,35% marcos + cristales,2025-02-01 02:13:00
Giacomo GI1027,1,$1,2025-02-01 02:13:00
Harper HA1178,35685,35% marcos + cristales,2025-02-01 02:13:00
Harper HA1126,1,$1,2025-02-01 02:13:00
Under Armour UA 5005/G,104930,30% marcos + cristales,2025-02-01 02:13:00
Harper HA1322,42835,35% marcos + cristales,2025-02-01 02:13:00
Sc Ferrari FZ7002,108430,30% marcos + cristales,2025-02-01 02:13:00
Sc Ferrari FZ8002U,69930,30% marcos + cristales,2025-02-01 02:13:00
Carrera CARDUC025,104930,30% marcos + cristales,2025-02-01 02:13:00
Persol 0PO3007VM,165130,30% marcos + cristales,2025-02-01 02:13:00
Persol 0PO3318V,165130,30% marcos + cristales,2025-02-01 02:13:00
Prada PRA52V,244930,30% marcos + cristales,2025-02-01 02:13:00
Under Armour UA 5000/G,90930,30% marcos + cristales,2025-02-01 02:13:00
Giacomo GI1013,1,$1,2025-02-01 02:13:00
Hugo HG1271,90930,30% marcos + cristales,2025-02-01 02:13:00
Harper HA1175,35685,35% marcos + cristales,2025-02-01 02:13:00
Harper HA1343,35685,35% marcos + cristales,2025-02-01 02:13:00
Giacomo GI1017,1,$1,2025-02-01 02:13:00
Nike 8213,69930,30% marcos + cristales,2025-02-01 02:13:00
Polo RLPH2212,83230,30% marcos + cristales,2025-02-01 02:13:00
Lucca LU1015,23335,35% marcos + cristales,2025-02-01 02:13:00
Miraflex New baby 4,48930,30% marcos + cristales,2025-02-01 02:13:00
Ray Ban Spiderman Kids RY1555,79730,30% marcos + cristales,2025-02-01 02:13:00
Harper HA1148,35685,35% marcos + cristales,2025-02-01 02:13:00
Giacomo GI1013,1,$1,2025-02-01 02:13:00
Harper Kids HA1156,21385,35% marcos + cristales,2025-02-01 02:13:00
THilfigr TH1998,87430,30% marcos + cristales,2025-02-01 02:13:00
Arnette 0AN7252,48230,30% marcos + cristales,2025-02-01 02:13:00
Polo 0PH2281U,136900,0,2025-02-01 02:13:00
Harper HA1008,35685,35% marcos + cristales,2025-02-01 02:13:00
Harper HA1184,35685,35% marcos + cristales,2025-02-01 02:13:00
Harper Kids HA1172,21385,35% marcos + cristales,2025-02-01 02:13:00
Giacomo GI1004,1,$1,2025-02-01 02:13:00
Harper Juvenil HA1158,28535,35% marcos + cristales,2025-02-01 02:13:00
Polaroid Kids PLD D823,38430,30% marcos + cristales,2025-02-01 02:13:00
Giacomo GI1008,1,$1,2025-02-01 02:13:00
Under Armour UA5071/G,108430,30% marcos + cristales,2025-02-01 02:13:00
Harper HA1006,35685,35% marcos + cristales,2025-02-01 02:13:00
Hugo HG1004,90930,30% marcos + cristales,2025-02-01 02:13:00
Harper HA1149 Clip On,42835,35% marcos + cristales,2025-02-01 02:13:00
Giacomo GI1021,1,$1,2025-02-01 02:13:00
Cat CTO3013,69930,30% marcos + cristales,2025-02-01 02:13:00
Adidas OR5052,97930,30% marcos + cristales,2025-02-01 02:13:00
Harper HA1148,35685,35% marcos + cristales,2025-02-01 02:13:00
Prada 0PRA13V,244930,30% marcos + cristales,2025-02-01 02:13:00
Arnette 0AN7251U,54530,30% marcos + cristales,2025-02-01 02:13:00
Polo RLPH2273,131530,30% marcos + cristales,2025-02-01 02:13:00
Polaroid PLD D381,53830,30% marcos + cristales,2025-02-01 02:13:00
Persol 0PO2460V,172130,30% marcos + cristales,2025-02-01 02:13:00
Lucca LU1004,1,$1,2025-02-01 02:13:00
Harper HA1150,35685,35% marcos + cristales,2025-02-01 02:13:00
Kalani KA1016,35685,35% marcos + cristales,2025-02-01 02:13:00
Sc Ferrari FZ8003U,69930,30% marcos + cristales,2025-02-01 02:13:00
RayBan Change RX4340V,187900,0,2025-02-01 02:13:00
Emporio 0EA3246,136900,0,2025-02-01 02:13:00
Sc Ferrari 0FZ8012U,154900,0,2025-02-01 02:13:00
Emporio 0EA3206,102830,30% marcos + cristales,2025-02-01 02:13:00
Polaroid Kids Clip On PLD 8055,52430,30% marcos + cristales,2025-02-01 02:13:00
Harper Kids HA1154,21385,35% marcos + cristales,2025-02-01 02:13:00
Oakley 0OX5073,144830,30% marcos + cristales,2025-02-01 02:13:00
Harper HA1148,35685,35% marcos + cristales,2025-02-01 02:13:00
Harper HA1147,35685,35% marcos + cristales,2025-02-01 02:13:00
Harper HA1010,35685,35% marcos + cristales,2025-02-01 02:13:00
Harper HA1186,23335,35% marcos + cristales,2025-02-01 02:13:00
Harper HA1150,35685,35% marcos + cristales,2025-02-01 02:13:00
Harper Juvenil  HA101,28535,35% marcos + cristales,2025-02-01 02:13:00
Harper HA1201,46900,0,2025-02-01 02:13:00
Harper HA1209,35900,0,2025-02-01 02:13:00
Arnette AN7262U,77900,0,2025-02-01 02:13:00
Harper HA1205,46900,0,2025-02-01 02:13:00
CKJeans CKJ492AF,69930,30% marcos + cristales,2025-02-01 02:13:00
Harper HA1055,1,$1,2025-02-01 02:13:00
Carrera C226,93030,30% marcos + cristales,2025-02-01 02:13:00
Persol 0PO3337V,165130,30% marcos + cristales,2025-02-01 02:13:00
Miraflex 0MF4002,38430,30% marcos + cristales,2025-02-01 02:13:00
Harper HA1169,35685,35% marcos + cristales,2025-02-01 02:13:00
Prada 0PRA08V,244930,30% marcos + cristales,2025-02-01 02:13:00
Polaroid PLD517,60130,30% marcos + cristales,2025-02-01 02:13:00
Arnette 0AN7246U,60830,30% marcos + cristales,2025-02-01 02:13:00
Polaroid PLD534/G,60130,30% marcos + cristales,2025-02-01 02:13:00
Harper HA1210,30485,35% marcos + cristales,2025-02-01 02:13:00
Persol PO3345V,285900,0,2025-02-01 02:13:00
Harper HA1207,46900,0,2025-02-01 02:13:00
UnderArm UA 5053,90930,30% marcos + cristales,2025-02-01 02:13:00
Giacomo GI1003,1,$1,2025-02-01 02:13:00
Emporio 0EA3218,95830,30% marcos + cristales,2025-02-01 02:13:00
Harper HA1070,1,$1,2025-02-01 02:13:00
Harper Juvenil HA1304,1,$1,2025-02-01 02:13:00
Harper HA1326,42835,35% marcos + cristales,2025-02-01 02:13:00
Harper Juvenil HA1013,1,$1,2025-02-01 02:13:00
Harper HA1305,35685,35% marcos + cristales,2025-02-01 02:13:00
Nike 8212,69930,30% marcos + cristales,2025-02-01 02:13:00
Emporio 0EA1027,128900,0,2025-02-01 02:13:00
Carrera C308,90930,30% marcos + cristales,2025-02-01 02:13:00
Harper HA1075,30485,35% marcos + cristales,2025-02-01 02:13:00
Harper HA1061,30485,35% marcos + cristales,2025-02-01 02:13:00
Polaroid Clip On PLD2148/CS,104900,0,2025-02-01 02:13:00
Harper HA1159,35685,35% marcos + cristales,2025-02-01 02:13:00
Harper Juvenil HA1173,28535,35% marcos + cristales,2025-02-01 02:13:00
Harper HA1155,35685,35% marcos + cristales,2025-02-01 02:13:00
Sc Ferrari FZ8003U,69930,30% marcos + cristales,2025-02-01 02:13:00
Hugo HG1307,90230,30% marcos + cristales,2025-02-01 02:13:00
Sc Ferrari  FZ8005U,114730,30% marcos + cristales,2025-02-01 02:13:00
Lacoste L2910,99900,0,2025-02-01 02:13:00
Harper HA1203,46900,0,2025-02-01 02:13:00
Oakley 0OX8186,165900,0,2025-02-01 02:13:00
Harper HA1206,46900,0,2025-02-01 02:13:00
Harper HA1208,46900,0,2025-02-01 02:13:00
Persol 0PO3359V,260900,0,2025-02-01 02:13:00
Polaroid PLD D447,53830,30% marcos + cristales,2025-02-01 02:13:00
Hugo HG1199,97930,30% marcos + cristales,2025-02-01 02:13:00
Hugo HG1210,97930,30% marcos + cristales,2025-02-01 02:13:00
Prada  0PR15YV,216930,30% marcos + cristales,2025-02-01 02:13:00
RayBan 0RX6497,109830,30% marcos + cristales,2025-02-01 02:13:00
Ray Ban Spiderman Kids RY1555,79730,30% marcos + cristales,2025-02-01 02:13:00
Harper Kids HA1155,21385,35% marcos + cristales,2025-02-01 02:13:00
Harper HA1325,35685,35% marcos + cristales,2025-02-01 02:13:00
Harper HA1305,35685,35% marcos + cristales,2025-02-01 02:13:00
Harper Kids HA1154,21385,35% marcos + cristales,2025-02-01 02:13:00
Lucca LU1031,23335,35% marcos + cristales,2025-02-01 02:13:00
Polaroid PLD523/G,60130,30% marcos + cristales,2025-02-01 02:13:00
Miraflex 0MF4012,42630,30% marcos + cristales,2025-02-01 02:13:00
Adidas SP5060,97930,30% marcos + cristales,2025-02-01 02:13:00
RayBan 0RX5431,156900,0,2025-02-01 02:13:00
CAT CTO3003,94900,0,2025-02-01 02:13:00
Nike 7400,69930,30% marcos + cristales,2025-02-01 02:13:00
RayBan Kids RY1621,50330,30% marcos + cristales,2025-02-01 02:13:00
Prada  0PR58ZV,203630,30% marcos + cristales,2025-02-01 02:13:00
Harper HA1056,30485,35% marcos + cristales,2025-02-01 02:13:00
Harper HA1057,30485,35% marcos + cristales,2025-02-01 02:13:00
Ralph 0RA7160U,71330,30% marcos + cristales,2025-02-01 02:13:00
RayBan 0RX2241V,109830,30% marcos + cristales,2025-02-01 02:13:00
RayBan 0RX7214,116130,30% marcos + cristales,2025-02-01 02:13:00
Polaroid Kids PLD D829,41930,30% marcos + cristales,2025-02-01 02:13:00
Harper HA1335,35685,35% marcos + cristales,2025-02-01 02:13:00
THilfigr TH1945,97930,30% marcos + cristales,2025-02-01 02:13:00
Lucca LU1022,23335,35% marcos + cristales,2025-02-01 02:13:00
Harper HA1125,1,$1,2025-02-01 02:13:00
Harper HA1149,35685,35% marcos + cristales,2025-02-01 02:13:00
Harper HA1122,1,$1,2025-02-01 02:13:00
Hugo HG1309,97230,30% marcos + cristales,2025-02-01 02:13:00
Sc Ferrari FZ7002,108430,30% marcos + cristales,2025-02-01 02:13:00
Sc Ferrari FZ8004U,69930,30% marcos + cristales,2025-02-01 02:13:00
Sc Ferrari  FZ8001U,87430,30% marcos + cristales,2025-02-01 02:13:00
Polaroid PLD2132/CS,104900,0,2025-02-01 02:13:00
Lacoste L2921,99990,0,2025-02-01 02:13:00
Harper HA1180,35685,35% marcos + cristales,2025-02-01 02:13:00
Harper HA1179,35685,35% marcos + cristales,2025-02-01 02:13:00
Polaroid Kids PLD D814,38430,30% marcos + cristales,2025-02-01 02:13:00
Harper HA1060,30485,35% marcos + cristales,2025-02-01 02:13:00
Carrera C262,104930,30% marcos + cristales,2025-02-01 02:13:00
RayBan 0RX5489,156900,0,2025-02-01 02:13:00
Arnette AN7208,68900,0,2025-02-01 02:13:00
Harper HA1204,46900,0,2025-02-01 02:13:00
Harper HA1073,30485,35% marcos + cristales,2025-02-01 02:13:00
Harper HA1064,30485,35% marcos + cristales,2025-02-01 02:13:00
Miraflex Baby Lux 2,38430,30% marcos + cristales,2025-02-01 02:13:00
Harper HA1114,1,$1,2025-02-01 02:13:00
CKJeans CKJ492AF,69930,30% marcos + cristales,2025-02-01 02:13:00
Prada  0PR16MV,172130,30% marcos + cristales,2025-02-01 02:13:00
Harper HA1149,35685,35% marcos + cristales,2025-02-01 02:13:00
Cat CTO3013,69930,30% marcos + cristales,2025-02-01 02:13:00
Harper HA1127,1,$1,2025-02-01 02:13:00
Sc Ferrari FZ8002U,69930,30% marcos + cristales,2025-02-01 02:13:00
Cat CTO 3017,69930,30% marcos + cristales,2025-02-01 02:13:00
Polaroid Kids PLD837,44030,30% marcos + cristales,2025-02-01 02:13:00
Kalani KA1038,35685,35% marcos + cristales,2025-02-01 03:19:00
Kalani KA1039,35685,35% marcos + cristales,2025-02-01 03:19:00
Kalani KA1044,35685,35% marcos + cristales,2025-02-01 03:19:00
Kalani KA1039,35685,35% marcos + cristales,2025-02-01 03:19:00
Under Armour UA 5018/G,1,$1,2025-02-01 03:19:00
RayBan 0RX7046,92330,30% marcos + cristales,2025-02-01 03:19:00
Kalani KA1059,35685,35% marcos + cristales,2025-02-01 03:19:00
Ray Ban 0RX6375,99330,30% marcos + cristales,2025-02-01 03:19:00
Kalani KA1006,35685,35% marcos + cristales,2025-02-01 03:19:00
Kalani KA1005,35685,35% marcos + cristales,2025-02-01 03:19:00
Kalani KA1001,35685,35% marcos + cristales,2025-02-01 03:19:00
Kalani KA1045,35685,35% marcos + cristales,2025-02-01 03:19:00
Kalani KA1044,35685,35% marcos + cristales,2025-02-01 03:19:00
Lucca LU1018,23335,35% marcos + cristales,2025-02-01 03:19:00
Kalani KA1037,1,$1,2025-02-01 03:19:00
Harper HA1004,1,$1,2025-02-01 03:19:00
RayBan 0RX5418,109830,30% marcos + cristales,2025-02-01 03:19:00
Kalani KA1042,35685,35% marcos + cristales,2025-02-01 03:19:00
Giacomo GI1001,1,$1,2025-02-01 03:19:00
Kalani KA1009,1,$1,2025-02-01 03:19:00
Harper HA1051,30485,35% marcos + cristales,2025-02-01 03:19:00
Kalani KA1012,35685,35% marcos + cristales,2025-02-01 03:19:00
Giacomo GI1008,1,$1,2025-02-01 03:19:00
Lucca LU1009,23335,35% marcos + cristales,2025-02-01 03:19:00
Giacomo GI1026,1,$1,2025-02-01 03:19:00
Kalani KA1043,35685,35% marcos + cristales,2025-02-01 03:19:00
Giacomo GI1022,1,$1,2025-02-01 03:19:00
Giacomo GI1020,1,$1,2025-02-01 03:19:00
Kalani KA1014,1,$1,2025-02-01 03:19:00
RayBan 0RX5154,116130,30% marcos + cristales,2025-02-01 03:19:00
Kalani KA1056,1,$1,2025-02-01 03:19:00
Ray Ban 0RX7017,116130,30% marcos + cristales,2025-02-01 03:19:00
Kalani KA1013,35685,35% marcos + cristales,2025-02-01 03:19:00
RayBan 0RX6494,123130,30% marcos + cristales,2025-02-01 03:19:00
Kalani KA1040,1,$1,2025-02-01 03:19:00
Giacomo GI1002,1,$1,2025-02-01 03:19:00
Kalani KA1056,1,$1,2025-02-01 03:19:00
Lucca LU1005,23335,35% marcos + cristales,2025-02-01 03:19:00
Kalani KA1006,35685,35% marcos + cristales,2025-02-01 03:19:00
Lucca LU1016,23335,35% marcos + cristales,2025-02-01 03:19:00
Emporio 0EA3229,95830,30% marcos + cristales,2025-02-01 03:19:00
Kalani KA1003,1,$1,2025-02-01 03:19:00
Kalani KA1004,35685,35% marcos + cristales,2025-02-01 03:19:00
Lucca LU1021,23335,35% marcos + cristales,2025-02-01 03:19:00
RayBan 0RX6335,109830,30% marcos + cristales,2025-02-01 03:19:00
Giacomo GI1009,1,$1,2025-02-01 03:19:00
Kalani KA1012,35685,35% marcos + cristales,2025-02-01 03:19:00
Kalani KA1013,35685,35% marcos + cristales,2025-02-01 03:19:00
Kalani KA1016,35685,35% marcos + cristales,2025-02-01 03:19:00
Kalani KA1016,35685,35% marcos + cristales,2025-02-01 03:19:00
Kalani KA1011,35685,35% marcos + cristales,2025-02-01 03:19:00
Cat Chuck,69930,30% marcos + cristales,2025-02-01 03:19:00
Giacomo GI1010,1,$1,2025-02-01 03:19:00
Kalani KA1003,1,$1,2025-02-01 03:19:00
Harper HA1009,1,$1,2025-02-01 03:19:00
Giacomo GI1023,1,$1,2025-02-01 03:19:00
Giacomo GI1015,1,$1,2025-02-01 03:19:00
Giacomo GI1016,1,$1,2025-02-01 03:19:00
Kalani KA1007,35685,35% marcos + cristales,2025-02-01 03:19:00
Harper HA1002,35685,35% marcos + cristales,2025-02-01 03:19:00
Kalani KA1060,1,$1,2025-02-01 03:19:00
Lacoste L3637,69993,30% marcos + cristales,2025-02-01 03:19:00
Cat Hex,69930,30% marcos + cristales,2025-02-01 03:19:00
Lucca LU1023,23335,35% marcos + cristales,2025-02-01 03:19:00
Miraflex 0MF4002,38430,30% marcos + cristales,2025-02-01 03:19:00
Kalani KA1038,1,$1,2025-02-01 03:19:00
Oakley 0OX8081,95830,30% marcos + cristales,2025-02-01 03:19:00
Kalani KA1037,1,$1,2025-02-01 03:19:00
Oakley 0OX8144,95830,30% marcos + cristales,2025-02-01 03:19:00
Emporio 0EA3233,109830,30% marcos + cristales,2025-02-01 03:19:00
Cat Dormer 106,66430,30% marcos + cristales,2025-02-01 03:19:00
Cat CTO3010,69930,30% marcos + cristales,2025-02-01 03:19:00
RayBan Kids RY9097V,50330,30% marcos + cristales,2025-02-01 03:19:00
Giacomo GI1007,1,$1,2025-02-01 03:19:00
Arnette 0AN7175,45430,30% marcos + cristales,2025-02-01 03:19:00
Kalani KA1058,1,$1,2025-02-01 03:19:00
Giacomo GI1006,1,$1,2025-02-01 03:19:00
Boss B1040,132930,30% marcos + cristales,2025-02-01 03:19:00
Cat Chisel,69930,30% marcos + cristales,2025-02-01 03:19:00
Oakley 0OX8177,80430,30% marcos + cristales,2025-02-01 03:19:00
Kalani KA1005,35685,35% marcos + cristales,2025-02-01 03:19:00
Polo RLPH2267,103530,30% marcos + cristales,2025-02-01 03:19:00
Cat Joiner,66430,30% marcos + cristales,2025-02-01 03:19:00
Harper HA1016,1,$1,2025-02-01 03:19:00
Boss B1007/IT,132930,30% marcos + cristales,2025-02-01 03:19:00
Prada 0PRA10V,244930,30% marcos + cristales,2025-02-01 03:19:00
Harper HA1158 Clip On,42835,35% marcos + cristales,2025-02-01 03:19:00
Rayban 0RX7229,116130,30% marcos + cristales,2025-02-01 03:19:00
Harper HA1054,30485,35% marcos + cristales,2025-02-01 03:19:00
Lucca LU1002,23335,35% marcos + cristales,2025-02-01 03:19:00
Lucca LU1002,23335,35% marcos + cristales,2025-02-01 03:19:00
Lucca LU1006,23335,35% marcos + cristales,2025-02-01 03:19:00
Hugo HG 1097,83930,30% marcos + cristales,2025-02-01 03:19:00
Polo RLPH2262,90230,30% marcos + cristales,2025-02-01 03:19:00
Giacomo GI1006,1,$1,2025-02-01 03:19:00
Polo RLPH1175,90230,30% marcos + cristales,2025-02-01 03:19:00
Harper HA1068,30485,35% marcos + cristales,2025-02-01 03:19:00
Miraflex 0MF4002,38430,30% marcos + cristales,2025-02-01 03:19:00
Harper HA1017,1,$1,2025-02-01 03:19:00
Giacomo GI1015,1,$1,2025-02-01 03:19:00
Miraflex 0MF4005,41930,30% marcos + cristales,2025-02-01 03:19:00
Harper HA1053,30485,35% marcos + cristales,2025-02-01 03:19:00
Puma PU0094O,1,$1,2025-02-01 03:19:00
Kalani KA1007,1,$1,2025-02-01 03:19:00
Kalani KA1014,1,$1,2025-02-01 03:19:00
Harper HA1058,30485,35% marcos + cristales,2025-02-01 03:19:00
Kalani KA1001,1,$1,2025-02-01 03:19:00
Polo RLPH2083,100030,30% marcos + cristales,2025-02-01 03:19:00
Harper HA1074,30485,35% marcos + cristales,2025-02-01 03:19:00
Oakley 0OX3227,123130,30% marcos + cristales,2025-02-01 03:19:00
Harper HA1067,1,$1,2025-02-01 03:19:00
Kalani KA1011,1,$1,2025-02-01 03:19:00
Kalani KA1060,1,$1,2025-02-01 03:19:00
Rayban 0RX7225,99330,30% marcos + cristales,2025-02-01 03:19:00
Giacomo GI1018,1,$1,2025-02-01 03:19:00
Harper HA1007,23335,35% marcos + cristales,2025-02-01 03:19:00
Kalani KA1058,1,$1,2025-02-01 03:19:00
Ray Ban 0RX7199,130130,30% marcos + cristales,2025-02-01 03:19:00
Emporio 0EA3177,95830,30% marcos + cristales,2025-02-01 03:19:00
Miraflex Juvenil 0MF4002,38430,30% marcos + cristales,2025-02-01 03:19:00
Harper HA1163,35685,35% marcos + cristales,2025-02-01 03:19:00
Kalani KA1008,1,$1,2025-02-01 03:19:00
Lucca LU1008,23335,35% marcos + cristales,2025-02-01 03:19:00
Emporio 0EA3227,102830,30% marcos + cristales,2025-02-01 03:19:00
Kalani KA1004,35685,35% marcos + cristales,2025-02-01 03:19:00
Ray Ban Kids 0RY1549,69230,30% marcos + cristales,2025-02-01 03:19:00
Cat Gambrel,69930,30% marcos + cristales,2025-02-01 03:19:00
Arnette 0AN6135,67830,30% marcos + cristales,2025-02-01 03:19:00
Adidas SP5056,79030,30% marcos + cristales,2025-02-01 03:19:00
Oakley 0OX8153,130130,30% marcos + cristales,2025-02-01 03:19:00
Harper HA1005,1,$1,2025-02-01 03:19:00
THilfigr TH2046,116830,30% marcos + cristales,2025-02-01 03:19:00
Ray Ban 0RX3447,109830,30% marcos + cristales,2025-02-01 03:19:00
Giacomo GI1016,1,$1,2025-02-01 03:19:00
Kalani KA1059,1,$1,2025-02-01 03:19:00
THilfigr TH1918,111930,30% marcos + cristales,2025-02-01 03:19:00
Kalani KA1009,1,$1,2025-02-01 03:19:00
Giacomo GI1001,1,$1,2025-02-01 03:19:00
Harper HA1015,23335,35% marcos + cristales,2025-02-01 03:19:00
RayBan 0RX6520,109830,30% marcos + cristales,2025-02-01 03:19:00
Arnette Montrose AN7224,54530,30% marcos + cristales,2025-02-01 03:19:00
Polaroid Kids PLD D823,38430,30% marcos + cristales,2025-02-01 03:19:00
THilfigr TH1694,111930,30% marcos + cristales,2025-02-01 03:19:00
THilfigr TH2041,111930,30% marcos + cristales,2025-02-01 03:19:00
Emporio 0EA3239,102830,30% marcos + cristales,2025-02-01 03:19:00
Harper HA1001,1,$1,2025-02-01 03:19:00
Harper HA1336 Clip On,42835,35% marcos + cristales,2025-02-01 03:19:00
Harper HA1019,1,$1,2025-02-01 03:19:00
Harper Juvenil HA1012,1,$1,2025-02-01 03:19:00
Oakley 0OX8056,95830,30% marcos + cristales,2025-02-01 03:19:00
RayBan 0RX5418,109830,30% marcos + cristales,2025-02-01 03:19:00
Lucca LU1020,23335,35% marcos + cristales,2025-02-01 03:19:00
Adidas SP5045,97930,30% marcos + cristales,2025-02-01 03:19:00
Harper Juvenil HA1010,1,$1,2025-02-01 03:19:00
Harper HA1013,23335,35% marcos + cristales,2025-02-01 03:19:00
Miraflex 0MF4001,38430,30% marcos + cristales,2025-02-01 03:19:00
Miraflex 0MF4001,38430,30% marcos + cristales,2025-02-01 03:19:00
Persol 0PO3343V,172130,30% marcos + cristales,2025-02-01 03:19:00
Arnette 0AN7241U,54530,30% marcos + cristales,2025-02-01 03:19:00
Harper HA1015,35685,35% marcos + cristales,2025-02-01 03:19:00
Cat CTO3015,69930,30% marcos + cristales,2025-02-01 03:19:00
Lucca LU1003,23335,35% marcos + cristales,2025-02-01 03:19:00
Cat CTO3015,69930,30% marcos + cristales,2025-02-01 03:19:00
Lucca LU1010,23335,35% marcos + cristales,2025-02-01 03:19:00
Giacomo GI1017,1,$1,2025-02-01 03:19:00
Harper HA1066,30485,35% marcos + cristales,2025-02-01 03:19:00
Harper HA1126,1,$1,2025-02-01 03:19:00
Oakley 0OX5078,195230,30% marcos + cristales,2025-02-01 03:19:00
Prada 0PRA55V,203630,30% marcos + cristales,2025-02-01 03:19:00
Nike 7130,69930,30% marcos + cristales,2025-02-01 03:19:00
Harper HA1174,35685,35% marcos + cristales,2025-02-01 03:19:00
Lucca LU1019,1,$1,2025-02-01 03:19:00
Hugo HG1246,97930,30% marcos + cristales,2025-02-01 03:19:00
Lucca LU1001,1,$1,2025-02-01 03:19:00
Giacomo GI1021,1,$1,2025-02-01 03:19:00
Giacomo GI1025,1,$1,2025-02-01 03:19:00
Harper HA1162,35685,35% marcos + cristales,2025-02-01 03:19:00
Cat CTO3016,69930,30% marcos + cristales,2025-02-01 03:19:00
Persol 0PO3315V,172130,30% marcos + cristales,2025-02-01 03:19:00
Giacomo GI1020,1,$1,2025-02-01 03:19:00
RayBan 0RX7216,116130,30% marcos + cristales,2025-02-01 03:19:00
Harper Kids HA1342,21385,35% marcos + cristales,2025-02-01 03:19:00
Oakley 0OX8178,88830,30% marcos + cristales,2025-02-01 03:19:00
THilfigr TH2091,97230,30% marcos + cristales,2025-02-01 03:19:00
Karun KAOF0083,1,$1,2025-02-01 03:19:00
Giacomo GI1019,1,$1,2025-02-01 03:19:00
Boss 1084/IT,139230,30% marcos + cristales,2025-02-01 03:19:00
CKJeans CKJ19510,69930,30% marcos + cristales,2025-02-01 03:19:00
Harper HA1161,35685,35% marcos + cristales,2025-02-01 03:19:00
Giacomo GI1018,1,$1,2025-02-01 03:19:00
Giacomo GI1004,1,$1,2025-02-01 03:19:00
Harper HA1146,30485,35% marcos + cristales,2025-02-01 03:19:00
Harper HA1014,1,$1,2025-02-01 03:19:00
Harper HA1147,35685,35% marcos + cristales,2025-02-01 03:19:00
Polo RLPH1190,90230,30% marcos + cristales,2025-02-01 03:19:00
Polo 0PH2283U,177900,0,2025-02-01 03:19:00
Lacoste L2250,69930,30% marcos + cristales,2025-02-01 03:19:00
Boss 1437,139930,30% marcos + cristales,2025-02-01 03:19:00
Lucca LU1013,1,$1,2025-02-01 03:19:00
Polaroid Clip On PLD6158/CS,114900,0,2025-02-01 03:19:00
Harper Juvenil  HA101,28535,35% marcos + cristales,2025-02-01 03:19:00
Under Armour UA5064,104930,30% marcos + cristales,2025-02-01 03:19:00
Polaroid Kids PLD D813,38430,30% marcos + cristales,2025-02-01 03:19:00
Harper HA1145,30485,35% marcos + cristales,2025-02-01 03:19:00
Harper HA1328,35685,35% marcos + cristales,2025-02-01 03:19:00
Harper HA1160,35685,35% marcos + cristales,2025-02-01 03:19:00
Giacomo GI1014,1,$1,2025-02-01 03:19:00
Harper HA1185,23335,35% marcos + cristales,2025-02-01 03:19:00
Arnette 0AN7247U,60830,30% marcos + cristales,2025-02-01 03:19:00
Adidas SP5059,97930,30% marcos + cristales,2025-02-01 03:19:00
Polaroid PLD D458/G,63630,30% marcos + cristales,2025-02-01 03:19:00
Arnette 0AN7232,48230,30% marcos + cristales,2025-02-01 03:19:00
Giacomo GI1011,1,$1,2025-02-01 03:19:00
Harper HA1052,30485,35% marcos + cristales,2025-02-01 03:19:00
Giacomo GI1027,1,$1,2025-02-01 03:19:00
Harper HA1178,35685,35% marcos + cristales,2025-02-01 03:19:00
Harper HA1126,1,$1,2025-02-01 03:19:00
Under Armour UA 5005/G,104930,30% marcos + cristales,2025-02-01 03:19:00
Harper HA1322,42835,35% marcos + cristales,2025-02-01 03:19:00
Sc Ferrari FZ7002,108430,30% marcos + cristales,2025-02-01 03:19:00
Sc Ferrari FZ8002U,69930,30% marcos + cristales,2025-02-01 03:19:00
Carrera CARDUC025,104930,30% marcos + cristales,2025-02-01 03:19:00
Persol 0PO3007VM,165130,30% marcos + cristales,2025-02-01 03:19:00
Persol 0PO3318V,165130,30% marcos + cristales,2025-02-01 03:19:00
Prada PRA52V,244930,30% marcos + cristales,2025-02-01 03:19:00
Under Armour UA 5000/G,90930,30% marcos + cristales,2025-02-01 03:19:00
Giacomo GI1013,1,$1,2025-02-01 03:19:00
Hugo HG1271,90930,30% marcos + cristales,2025-02-01 03:19:00
Harper HA1175,35685,35% marcos + cristales,2025-02-01 03:19:00
Harper HA1343,35685,35% marcos + cristales,2025-02-01 03:19:00
Giacomo GI1017,1,$1,2025-02-01 03:19:00
Nike 8213,69930,30% marcos + cristales,2025-02-01 03:19:00
Polo RLPH2212,83230,30% marcos + cristales,2025-02-01 03:19:00
Lucca LU1015,23335,35% marcos + cristales,2025-02-01 03:19:00
Miraflex New baby 4,48930,30% marcos + cristales,2025-02-01 03:19:00
Ray Ban Spiderman Kids RY1555,79730,30% marcos + cristales,2025-02-01 03:19:00
Harper HA1148,35685,35% marcos + cristales,2025-02-01 03:19:00
Giacomo GI1013,1,$1,2025-02-01 03:19:00
Harper Kids HA1156,21385,35% marcos + cristales,2025-02-01 03:19:00
THilfigr TH1998,87430,30% marcos + cristales,2025-02-01 03:19:00
Under Armour UA5042,76930,30% marcos + cristales,2025-02-01 03:19:00
Arnette 0AN7252,48230,30% marcos + cristales,2025-02-01 03:19:00
Polo 0PH2281U,136900,0,2025-02-01 03:19:00
Harper HA1008,35685,35% marcos + cristales,2025-02-01 03:19:00
Harper HA1184,35685,35% marcos + cristales,2025-02-01 03:19:00
Harper Kids HA1172,21385,35% marcos + cristales,2025-02-01 03:19:00
Giacomo GI1004,1,$1,2025-02-01 03:19:00
Harper Juvenil HA1158,28535,35% marcos + cristales,2025-02-01 03:19:00
Polaroid Kids PLD D823,38430,30% marcos + cristales,2025-02-01 03:19:00
Giacomo GI1008,1,$1,2025-02-01 03:19:00
Under Armour UA5071/G,108430,30% marcos + cristales,2025-02-01 03:19:00
Harper HA1006,35685,35% marcos + cristales,2025-02-01 03:19:00
Hugo HG1004,90930,30% marcos + cristales,2025-02-01 03:19:00
Harper HA1149 Clip On,42835,35% marcos + cristales,2025-02-01 03:19:00
Harper HA1180,35685,35% marcos + cristales,2025-02-01 03:19:00
Cat CTO3013,69930,30% marcos + cristales,2025-02-01 03:19:00
Adidas OR5052,97930,30% marcos + cristales,2025-02-01 03:19:00
Harper HA1148,35685,35% marcos + cristales,2025-02-01 03:19:00
Prada 0PRA13V,244930,30% marcos + cristales,2025-02-01 03:19:00
Arnette 0AN7251U,54530,30% marcos + cristales,2025-02-01 03:19:00
Polo RLPH2273,131530,30% marcos + cristales,2025-02-01 03:19:00
Polaroid PLD D381,53830,30% marcos + cristales,2025-02-01 03:19:00
Persol 0PO2460V,172130,30% marcos + cristales,2025-02-01 03:19:00
Lucca LU1004,1,$1,2025-02-01 03:19:00
Harper HA1150,35685,35% marcos + cristales,2025-02-01 03:19:00
Kalani KA1016,35685,35% marcos + cristales,2025-02-01 03:19:00
Sc Ferrari FZ8003U,69930,30% marcos + cristales,2025-02-01 03:19:00
RayBan Change RX4340V,187900,0,2025-02-01 03:19:00
Emporio 0EA3246,136900,0,2025-02-01 03:19:00
Sc Ferrari 0FZ8012U,154900,0,2025-02-01 03:19:00
Emporio 0EA3206,102830,30% marcos + cristales,2025-02-01 03:19:00
Polaroid Kids Clip On PLD 8055,52430,30% marcos + cristales,2025-02-01 03:19:00
Harper Kids HA1154,21385,35% marcos + cristales,2025-02-01 03:19:00
Oakley 0OX5073,144830,30% marcos + cristales,2025-02-01 03:19:00
Harper HA1148,35685,35% marcos + cristales,2025-02-01 03:19:00
Harper HA1147,35685,35% marcos + cristales,2025-02-01 03:19:00
Harper HA1010,35685,35% marcos + cristales,2025-02-01 03:19:00
Harper HA1186,23335,35% marcos + cristales,2025-02-01 03:19:00
Harper HA1150,35685,35% marcos + cristales,2025-02-01 03:19:00
Harper Juvenil  HA101,28535,35% marcos + cristales,2025-02-01 03:19:00
Harper HA1201,46900,0,2025-02-01 03:19:00
Harper HA1209,35900,0,2025-02-01 03:19:00
Arnette AN7262U,77900,0,2025-02-01 03:19:00
Harper HA1205,46900,0,2025-02-01 03:19:00
CKJeans CKJ492AF,69930,30% marcos + cristales,2025-02-01 03:19:00
Harper HA1055,1,$1,2025-02-01 03:19:00
Carrera C226,93030,30% marcos + cristales,2025-02-01 03:19:00
Persol 0PO3337V,165130,30% marcos + cristales,2025-02-01 03:19:00
Miraflex 0MF4002,38430,30% marcos + cristales,2025-02-01 03:19:00
Harper HA1169,35685,35% marcos + cristales,2025-02-01 03:19:00
Prada 0PRA08V,244930,30% marcos + cristales,2025-02-01 03:19:00
Polaroid PLD517,60130,30% marcos + cristales,2025-02-01 03:19:00
Arnette 0AN7246U,60830,30% marcos + cristales,2025-02-01 03:19:00
Polaroid PLD534/G,60130,30% marcos + cristales,2025-02-01 03:19:00
Harper HA1210,30485,35% marcos + cristales,2025-02-01 03:19:00
Persol PO3345V,285900,0,2025-02-01 03:19:00
Harper HA1207,46900,0,2025-02-01 03:19:00
UnderArm UA 5053,90930,30% marcos + cristales,2025-02-01 03:19:00
Giacomo GI1003,1,$1,2025-02-01 03:19:00
Emporio 0EA3218,95830,30% marcos + cristales,2025-02-01 03:19:00
Harper HA1070,1,$1,2025-02-01 03:19:00
Harper Juvenil HA1304,1,$1,2025-02-01 03:19:00
Harper HA1326,42835,35% marcos + cristales,2025-02-01 03:19:00
Harper Juvenil HA1013,1,$1,2025-02-01 03:19:00
Harper HA1305,35685,35% marcos + cristales,2025-02-01 03:19:00
Nike 8212,69930,30% marcos + cristales,2025-02-01 03:19:00
Emporio 0EA1027,128900,0,2025-02-01 03:19:00
Carrera C308,90930,30% marcos + cristales,2025-02-01 03:19:00
Harper HA1075,30485,35% marcos + cristales,2025-02-01 03:19:00
Harper HA1061,30485,35% marcos + cristales,2025-02-01 03:19:00
Polaroid Clip On PLD2148/CS,104900,0,2025-02-01 03:19:00
Harper HA1159,35685,35% marcos + cristales,2025-02-01 03:19:00
Harper Juvenil HA1173,28535,35% marcos + cristales,2025-02-01 03:19:00
Harper HA1155,35685,35% marcos + cristales,2025-02-01 03:19:00
Sc Ferrari FZ8003U,69930,30% marcos + cristales,2025-02-01 03:19:00
Hugo HG1307,90230,30% marcos + cristales,2025-02-01 03:19:00
Sc Ferrari  FZ8005U,114730,30% marcos + cristales,2025-02-01 03:19:00
Lacoste L2910,99900,0,2025-02-01 03:19:00
Harper HA1203,46900,0,2025-02-01 03:19:00
Oakley 0OX8186,165900,0,2025-02-01 03:19:00
Harper HA1206,46900,0,2025-02-01 03:19:00
Harper HA1208,46900,0,2025-02-01 03:19:00
Persol 0PO3359V,260900,0,2025-02-01 03:19:00
Polaroid PLD D447,53830,30% marcos + cristales,2025-02-01 03:19:00
Hugo HG1199,97930,30% marcos + cristales,2025-02-01 03:19:00
Hugo HG1210,97930,30% marcos + cristales,2025-02-01 03:19:00
Prada  0PR15YV,216930,30% marcos + cristales,2025-02-01 03:19:00
RayBan 0RX6497,109830,30% marcos + cristales,2025-02-01 03:19:00
Ray Ban Spiderman Kids RY1555,79730,30% marcos + cristales,2025-02-01 03:19:00
Harper Kids HA1155,21385,35% marcos + cristales,2025-02-01 03:19:00
Harper HA1325,35685,35% marcos + cristales,2025-02-01 03:19:00
Harper HA1305,35685,35% marcos + cristales,2025-02-01 03:19:00
Harper Kids HA1154,21385,35% marcos + cristales,2025-02-01 03:19:00
Lucca LU1031,23335,35% marcos + cristales,2025-02-01 03:19:00
Polaroid PLD523/G,60130,30% marcos + cristales,2025-02-01 03:19:00
Miraflex 0MF4012,42630,30% marcos + cristales,2025-02-01 03:19:00
Adidas SP5060,97930,30% marcos + cristales,2025-02-01 03:19:00
RayBan 0RX5431,156900,0,2025-02-01 03:19:00
CAT CTO3003,94900,0,2025-02-01 03:19:00
Nike 7400,69930,30% marcos + cristales,2025-02-01 03:19:00
RayBan Kids RY1621,50330,30% marcos + cristales,2025-02-01 03:19:00
Prada  0PR58ZV,203630,30% marcos + cristales,2025-02-01 03:19:00
Harper HA1056,30485,35% marcos + cristales,2025-02-01 03:19:00
Harper HA1057,30485,35% marcos + cristales,2025-02-01 03:19:00
Ralph 0RA7160U,71330,30% marcos + cristales,2025-02-01 03:19:00
RayBan 0RX2241V,109830,30% marcos + cristales,2025-02-01 03:19:00
RayBan 0RX7214,116130,30% marcos + cristales,2025-02-01 03:19:00
Polaroid Kids PLD D829,41930,30% marcos + cristales,2025-02-01 03:19:00
Harper HA1335,35685,35% marcos + cristales,2025-02-01 03:19:00
THilfigr TH1945,97930,30% marcos + cristales,2025-02-01 03:19:00
Lucca LU1022,23335,35% marcos + cristales,2025-02-01 03:19:00
Harper HA1125,1,$1,2025-02-01 03:19:00
Harper HA1149,35685,35% marcos + cristales,2025-02-01 03:19:00
Harper HA1122,1,$1,2025-02-01 03:19:00
Hugo HG1309,97230,30% marcos + cristales,2025-02-01 03:19:00
Sc Ferrari FZ7002,108430,30% marcos + cristales,2025-02-01 03:19:00
Sc Ferrari FZ8004U,69930,30% marcos + cristales,2025-02-01 03:19:00
Sc Ferrari  FZ8001U,87430,30% marcos + cristales,2025-02-01 03:19:00
Polaroid PLD2132/CS,104900,0,2025-02-01 03:19:00
Lacoste L2921,99990,0,2025-02-01 03:19:00
Harper HA1179,35685,35% marcos + cristales,2025-02-01 03:19:00
Polaroid Kids PLD D814,38430,30% marcos + cristales,2025-02-01 03:19:00
Harper HA1060,30485,35% marcos + cristales,2025-02-01 03:19:00
Carrera C262,104930,30% marcos + cristales,2025-02-01 03:19:00
RayBan 0RX5489,156900,0,2025-02-01 03:19:00
Arnette AN7208,68900,0,2025-02-01 03:19:00
Harper HA1204,46900,0,2025-02-01 03:19:00
Harper HA1073,30485,35% marcos + cristales,2025-02-01 03:19:00
Harper HA1064,30485,35% marcos + cristales,2025-02-01 03:19:00
Miraflex Baby Lux 2,38430,30% marcos + cristales,2025-02-01 03:19:00
Harper HA1114,1,$1,2025-02-01 03:19:00
CKJeans CKJ492AF,69930,30% marcos + cristales,2025-02-01 03:19:00
Prada  0PR16MV,172130,30% marcos + cristales,2025-02-01 03:19:00
Harper HA1149,35685,35% marcos + cristales,2025-02-01 03:19:00
Cat CTO3013,69930,30% marcos + cristales,2025-02-01 03:19:00
Harper HA1127,1,$1,2025-02-01 03:19:00
Sc Ferrari FZ8002U,69930,30% marcos + cristales,2025-02-01 03:19:00
Cat CTO 3017,69930,30% marcos + cristales,2025-02-01 03:19:00
Polaroid Kids PLD837,44030,30% marcos + cristales,2025-02-01 03:19:00
