,name,price,discount
0,RayBan 0RX7046,117.900,30% marcos + cristales
1,Ray Ban 0RX7047,113.900,30% marcos + cristales
2,RayBan 0RX7046,117.900,30% marcos + cristales
3,Ray Ban 0RX6375,126.900,30% marcos + cristales
4,RayBan 0RX5285,148.900,30% marcos + cristales
5,Unofficial UNOM0088,0,Marcos Gratis
6,Sensaya SYOM5003,89.900,40% marcos + cristales
7,Unoffic UNOM0255,0,Marcos Gratis
8,RayBan 0RX6335,140.900,30% marcos + cristales
9,Unofficial UNOM0129,0,Marcos Gratis
10,DbyD DBOM5045,0,Marcos Gratis
11,Unofficial UNOM0065,0,Marcos Gratis
12,Unofficial UNOM0245,0,Marcos Gratis
13,Unofficial UNOM0068,54.900,40% marcos + cristales
14,Ray Ban 0RX3694V,140.900,30% marcos + cristales
15,Unofficial UNOM0157,0,Marcos Gratis
16,RayBan 0RX5418,140.900,30% marcos + cristales
17,Unofficial UNOM0194,0,Marcos Gratis
18,Oakley 0OX8153,166.900,30% marcos + cristales
19,DbyD DBOM5043,0,Marcos Gratis
20,Oakley 0OX8060,113.900,30% marcos + cristales
21,Unofficial UNOM0188,0,Marcos Gratis
22,Ray Ban 0RX7017,148.900,30% marcos + cristales
23,Emporio 0EA1041,140.900,30% marcos + cristales
24,Unofficial Kids UNOK5053,0,Marcos Gratis
25,Oakley 0OX8081,122.900,30% marcos + cristales
26,Emporio 0EA1105,131.900,30% marcos + cristales
27,Seen SNOU5008,0,Marcos Gratis
28,RayBan 0RX5406,126.900,30% marcos + cristales
29,DbyD DBJU08,0,Marcos Gratis
30,Oakley 0OX8060,113.900,30% marcos + cristales
31,Ray Ban Kids 0RY1598,68.900,30% marcos + cristales
32,Arnette 0AN7197,68.900,30% marcos + cristales
33,Heritage HEEM04,0,Marcos Gratis
34,Unoffic UNOM0155,0,Marcos Gratis
35,Polaroid Clip On PLD 6203/CS,109.900,30% marcos + cristales
36,Oakley 0OX8177,114.900,30% marcos + cristales
37,Ray Ban RX7208,166.900,30% marcos + cristales
38,Oakley 0OX3227,157.900,30% marcos + cristales
39,Cat Chuck,99.900,30% marcos + cristales
40,Oakley 0OX8056,122.900,30% marcos + cristales
41,Unofficial UNOM0073,0,Marcos Gratis
42,Persol 0PO3007VM,198.900,30% marcos + cristales
43,Carrera CA1119,112.900,30% marcos + cristales
44,RayBan 0RX6497,140.900,30% marcos + cristales
45,Oakley 0OX8058,113.900,30% marcos + cristales
46,RayBan Junior 0RY1621,60.900,30% marcos + cristales
47,Ray Ban 0RX5428,148.900,30% marcos + cristales
48,Heritage HEOM0028,0,Marcos Gratis
49,Carrera C8861,149.900,30% marcos + cristales
50,Nike 8050,99.900,30% marcos + cristales
51,Polaroid Clip On PLD 6183/CS,114.900,30% marcos + cristales
52,Polaroid Clip On PLD 6183/CS,114.900,30% marcos + cristales
53,THilfigr TH1991,159.900,30% marcos + cristales
54,Kalani KA1002,65.900,35% marcos + cristales
55,Polaroid PLD D458/G,90.900,30% marcos + cristales
56,Polaroid Clip On PLD 6204/CS,114.900,30% marcos + cristales
57,Polaroid Clip On PLD 6184/CS,114.900,30% marcos + cristales
58,Ray Ban 0RX6466,148.900,30% marcos + cristales
59,Boss 1044/IT,183.900,30% marcos + cristales
60,RayBan 0RX5598,148.900,30% marcos + cristales
61,Lacoste L2275E,99.900,30% marcos + cristales
62,Lucca LU1008,32.900,35% marcos + cristales
63,Unofficial UNOM0157,54.900,40% marcos + cristales
64,Kalani KA1039,76.900,35% marcos + cristales
65,Cat Gambrel,99.900,30% marcos + cristales
66,Lucca LU1015,32.900,35% marcos + cristales
67,Cat Chisel,99.900,30% marcos + cristales
68,RayBan 0RX7214,148.900,30% marcos + cristales
69,DbyD DBOM5044,0,Marcos Gratis
70,DbyD DBOM5016,0,Marcos Gratis
71,Polaroid Cip On PLD 6132/CS,114.900,30% marcos + cristales
72,Cat Twinthread,99.900,30% marcos + cristales
73,RayBan 0RX6494,157.900,30% marcos + cristales
74,Lucca LU1016,32.900,35% marcos + cristales
75,Polaroid Clip On PLD 6203/CS,109.900,30% marcos + cristales
76,Polaroid Clip On PLD 6136/CS,104.900,30% marcos + cristales
77,Gucci GG0614O,295.000,30% marcos + cristales
78,RayBan Junior 0RY9097V,60.900,30% marcos + cristales
79,Arnette Montrose AN7224,68.900,30% marcos + cristales
80,Polaroid PLD D462,76.900,30% marcos + cristales
81,Boss B1007/IT,187.900,30% marcos + cristales
82,Adidas OR5034,94.900,30% marcos + cristales
83,Emporio 0EA3229,122.900,30% marcos + cristales
84,Polaroid Clip On PLD 6134/CS,114.900,30% marcos + cristales
85,Persol 0PO3007VM,198.900,30% marcos + cristales
86,Kalani KA1037,76.900,35% marcos + cristales
87,RayBan 0RX0840V,148.900,30% marcos + cristales
88,Under Armour UA5019,124.900,30% marcos + cristales
89,Harper HA1009,54.900,35% marcos + cristales
90,Polaroid PLD D483,76.900,30% marcos + cristales
91,Kalani KA1057,65.900,35% marcos + cristales
92,Lucca LU1007,32.900,35% marcos + cristales
93,Lucca LU1002,32.900,35% marcos + cristales
94,Harper HA1054,43.900,35% marcos + cristales
95,Hugo HG 1097,118.900,30% marcos + cristales
96,Ray Ban Kids 0RY1549,83.900,30% marcos + cristales
97,Lucca LU1003,32.900,35% marcos + cristales
98,Harper HA1008,54.900,35% marcos + cristales
99,Unofficial UNOM0066,0,Marcos Gratis
100,CKJeans CKJ157AF,99.900,30% marcos + cristales
101,THilfigr TH1942,149.900,30% marcos + cristales
102,Hugo HG1004,129.900,30% marcos + cristales
103,Polaroid Clip On PLD 6205/CS,114.900,30% marcos + cristales
104,Ray Ban 0RX7210,148.900,30% marcos + cristales
105,Kalani KA1007,65.900,35% marcos + cristales
106,Kalani KA1037,76.900,35% marcos + cristales
107,Kalani KA1002,65.900,35% marcos + cristales
108,RayBan 0RX7217,126.900,30% marcos + cristales
109,RayBan 0RX7216,148.900,30% marcos + cristales
110,Lucca LU1012,32.900,35% marcos + cristales
111,Harper HA1058,43.900,35% marcos + cristales
112,DbyD DBOU0004,0,Marcos Gratis
113,Unofficial UNOM0255,0,Marcos Gratis
114,Nike 7037,99.900,30% marcos + cristales
115,Carrera C308,119.900,30% marcos + cristales
116,Lucca LU1018,32.900,35% marcos + cristales
117,Giacomo GI1016,76.900,35% marcos + cristales
118,RayBan Junior 0RY1622,60.900,30% marcos + cristales
119,Harper HA1076,43.900,35% marcos + cristales
120,Under Armour UA5052/G,139.900,30% marcos + cristales
121,Giacomo GI1002,76.900,35% marcos + cristales
122,Carrera C226,132.900,30% marcos + cristales
123,CHerrera CH0031,189.900,30% marcos + cristales
124,Arnette 0AN7175,64.900,30% marcos + cristales
125,Hugo HG 1198,135.900,30% marcos + cristales
126,THilfigr TH 1732,122.900,30% marcos + cristales
127,Kalani KA1040,76.900,35% marcos + cristales
128,Harper HA1002,54.900,35% marcos + cristales
129,Rayban Junior 0RY9078V,60.900,30% marcos + cristales
130,Fossil FOS 7064,96.900,30% marcos + cristales
131,Kalani KA1011,65.900,35% marcos + cristales
132,Lacoste L2250,99.900,30% marcos + cristales
133,Ray Ban Kids 0RY1536,75.900,30% marcos + cristales
134,Harper HA1012,43.900,35% marcos + cristales
135,HugoBoss BOSS 1511,184.900,30% marcos + cristales
136,Hugo HG1205,129.900,30% marcos + cristales
137,Kalani KA1041,76.900,35% marcos + cristales
138,Harper HA1070,43.900,35% marcos + cristales
139,Kalani KA1003,65.900,35% marcos + cristales
140,UnderArm UA 5053,129.900,30% marcos + cristales
141,Arnette 0AN7232,60.900,30% marcos + cristales
142,Kalani KA1044,76.900,35% marcos + cristales
143,THilfigr TH 1994,156.900,30% marcos + cristales
144,Arnette 0AN6138,76.900,30% marcos + cristales
145,Lucca LU1002,32.900,35% marcos + cristales
146,Kalani KA1009,65.900,35% marcos + cristales
147,CKJeans CKJ141AF,99.900,30% marcos + cristales
148,Cat Hex,99.900,30% marcos + cristales
149,Gucci GG1159O,300.000,30% marcos + cristales
150,Harper HA1075,43.900,35% marcos + cristales
151,Kalani KA1038,76.900,35% marcos + cristales
152,Harper HA1004,54.900,35% marcos + cristales
153,Polaroid PLD482,76.900,30% marcos + cristales
154,Prada  0PR14WV,211.900,30% marcos + cristales
155,Harper HA1078,43.900,35% marcos + cristales
156,Kalani KA1045,76.900,35% marcos + cristales
157,Harper HA1069,43.900,35% marcos + cristales
158,Lacoste L2889,99.900,30% marcos + cristales
159,Under Armour UA5043,109.900,30% marcos + cristales
160,Unofficial Juvenil UNOT0045,0,Marcos Gratis
161,Unofficial UNOM0064,0,Marcos Gratis
162,Lucca LU1005,32.900,35% marcos + cristales
163,Miraflex 0MF4002,44.900,30% marcos + cristales
164,Harper HA1018,54.900,35% marcos + cristales
165,Kalani KA1044,76.900,35% marcos + cristales
166,Hugo HG1209,144.900,30% marcos + cristales
167,Guess GU2872,150.900,30% marcos + cristales
168,Cat Inlay,99.900,30% marcos + cristales
169,Lucca LU1025,32.900,35% marcos + cristales
170,Lucca LU1019,32.900,35% marcos + cristales
171,DbyD DBOM5047,43.900,40% marcos + cristales
172,Carrera  C8863,139.900,30% marcos + cristales
173,Hugo HG 1201,129.900,30% marcos + cristales
174,Harper HA1110,54.900,35% marcos + cristales
175,Lucca LU1001,32.900,35% marcos + cristales
176,Adidas OR5014,114.900,30% marcos + cristales
177,Kalani KA1041,76.900,35% marcos + cristales
178,RayBan 0RX3717V,148.900,30% marcos + cristales
179,Nike 7037,99.900,30% marcos + cristales
180,Kalani KA1057,65.900,35% marcos + cristales
181,Unofficial UNOM0236,0,Marcos Gratis
182,Polaroid D477,85.900,30% marcos + cristales
183,Harper HA1064,43.900,35% marcos + cristales
184,Nike 7128,99.900,30% marcos + cristales
185,Unofficial Kids UNOK5066,0,Marcos Gratis
186,Oakley 0OX8178,113.900,30% marcos + cristales
187,Persol 0PO3301V,208.900,30% marcos + cristales
188,Dolce and Gabbana 0DG3372,230.900,30% marcos + cristales
189,Giacomo GI1007,76.900,35% marcos + cristales
190,Lucca LU1011,32.900,35% marcos + cristales
191,Kalani KA1036,76.900,35% marcos + cristales
192,Kalani KA1011,65.900,35% marcos + cristales
193,Kalani KA1012,65.900,35% marcos + cristales
194,Kalani KA1010,65.900,35% marcos + cristales
195,Giacomo GI1001,76.900,35% marcos + cristales
196,Karun KAOF0083,84.900,30% marcos + cristales
197,Harper HA1015,54.900,35% marcos + cristales
198,THilfigr TH 1616/RE,125.900,30% marcos + cristales
199,Harper HA1067,43.900,35% marcos + cristales
200,Seen Kids SNK08,0,Marcos Gratis
201,Harper HA1003,43.900,35% marcos + cristales
202,Harper HA1123,54.900,35% marcos + cristales
203,Lucca LU1024,32.900,35% marcos + cristales
204,Polaroid PLD488,64.900,30% marcos + cristales
205,Polaroid PLD D460/G,83.900,30% marcos + cristales
206,Polaroid PLD D482,76.900,30% marcos + cristales
207,Persol 0PO3337V,222.900,30% marcos + cristales
208,Boss 1437,184.900,30% marcos + cristales
209,Prada 0PRA10V,290.900,30% marcos + cristales
210,Lucca LU1013,32.900,35% marcos + cristales
211,Harper HA1110,54.900,35% marcos + cristales
212,Kalani KA1060,65.900,35% marcos + cristales
213,Kalani KA1039,76.900,35% marcos + cristales
214,Lacoste L2603ND,99.900,30% marcos + cristales
215,CKJeans CKJ492AF,99.900,30% marcos + cristales
216,Harper HA1055,43.900,35% marcos + cristales
217,Fossil FOS 7155/G,129.900,30% marcos + cristales
218,Harper HA1016,54.900,35% marcos + cristales
219,Kalani KA1060,65.900,35% marcos + cristales
220,Miraflex Baby one 1-2 a√±os,54.900,30% marcos + cristales
221,Unoffic UNOM0300,0,Marcos Gratis
222,Unoffic UNOM0300,0,Marcos Gratis
223,Miraflex 0MF4005,49.900,30% marcos + cristales
224,Harper HA1123,54.900,35% marcos + cristales
225,Harper HA1124,54.900,35% marcos + cristales
226,Harper HA1007,43.900,35% marcos + cristales
227,Harper HA1011,43.900,35% marcos + cristales
228,Harper HA1006,43.900,35% marcos + cristales
229,Miraflex 0MF4002,44.900,30% marcos + cristales
230,Rayban 0RX7225,126.900,30% marcos + cristales
231,Polaroid PLD D485,90.900,30% marcos + cristales
232,Prada  0PR01WV,230.900,30% marcos + cristales
233,Carrera Juvenil 2012T,113.900,30% marcos + cristales
234,Giacomo GI1001,76.900,35% marcos + cristales
235,Giacomo GI1010,76.900,35% marcos + cristales
236,Harper HA1062,43.900,35% marcos + cristales
237,Fossil FOS 7064,96.900,30% marcos + cristales
238,Arnette 0AN7208,60.900,30% marcos + cristales
239,CAT GANISTER004,94.900,30% marcos + cristales
240,Nike 7117,99.900,30% marcos + cristales
241,Giacomo GI1003,76.900,35% marcos + cristales
242,Kalani KA1045,76.900,35% marcos + cristales
243,Giacomo GI1005,76.900,35% marcos + cristales
244,Kalani KA1058,65.900,35% marcos + cristales
245,Miraflex New baby 3,54.900,30% marcos + cristales
246,Kalani KA1058,65.900,35% marcos + cristales
247,Nike 7245,99.900,30% marcos + cristales
248,Miraflex 0MF4002,44.900,30% marcos + cristales
249,Harper HA1126,54.900,35% marcos + cristales
250,Adidas SP5045,94.900,30% marcos + cristales
251,Harper Juvenil HA1304,54.900,35% marcos + cristales
252,Harper HA1013,43.900,35% marcos + cristales
253,Harper HA1010,43.900,35% marcos + cristales
254,Polaroid PLD D453,73.900,30% marcos + cristales
255,Persol 0PO3329V,268.900,30% marcos + cristales
256,Persol 0PO3318V,198.900,30% marcos + cristales
257,Carrera C308,119.900,30% marcos + cristales
258,Persol 0PO3296V,198.900,30% marcos + cristales
259,Prada  0PR14WV,211.900,30% marcos + cristales
260,Harper HA1072,43.900,35% marcos + cristales
261,Under Armour UA 5000/G,129.900,30% marcos + cristales
262,Fossil FOS7154/G,129.900,30% marcos + cristales
263,Giacomo GI1010,76.900,35% marcos + cristales
264,Kalani KA1010,65.900,35% marcos + cristales
265,Giacomo GI1006,76.900,35% marcos + cristales
266,Under Armour UA 5006/G,134.900,30% marcos + cristales
267,Emporio 0EA3227,131.900,30% marcos + cristales
268,Emporio 0EA3194,131.900,30% marcos + cristales
269,Puma PE0028O,94.900,30% marcos + cristales
270,Fossil FOS 6061,84.900,30% marcos + cristales
271,Kalani KA1008,65.900,35% marcos + cristales
272,Harper HA1013,54.900,35% marcos + cristales
273,Miraflex 0MF4001,44.900,30% marcos + cristales
274,Kalani KA1056,65.900,35% marcos + cristales
275,Adidas SP5048,94.900,30% marcos + cristales
276,Giacomo GI1008,76.900,35% marcos + cristales
277,Fossil FOS 7014,95.900,30% marcos + cristales
278,Miraflex 0MF4001,44.900,30% marcos + cristales
279,Harper HA1061,43.900,35% marcos + cristales
280,Kalani KA1059,65.900,35% marcos + cristales
281,Giacomo GI1020,76.900,35% marcos + cristales
282,Unofficial Kids UNOK5050,0,Marcos Gratis
283,Unoffic UNOM0052,0,Marcos Gratis
284,GVBaby GBJK02,0,Marcos Gratis
285,Unoffic Kids UNOK0013,0,Marcos Gratis
286,Rayban 0RX0298V,148.900,30% marcos + cristales
287,Harper HA1004,43.900,35% marcos + cristales
288,Rayban 0RY9078V,60.900,30% marcos + cristales
289,Harper HA1005,43.900,35% marcos + cristales
290,Polaroid PLD D462,76.900,30% marcos + cristales
291,Carrera CARRERA 175 086 55/17,130.900,30% marcos + cristales
292,Prada  0PR16MV,181.900,30% marcos + cristales
293,Prada  0PR15YV,270.900,30% marcos + cristales
294,Miraflex New baby 4,59.900,30% marcos + cristales
295,THilfigr TH 1594 ,149.900,30% marcos + cristales
296,Fossil FOS7148,104.900,30% marcos + cristales
297,Giacomo GI1006,76.900,35% marcos + cristales
298,THilfigr TH 1636,126.900,30% marcos + cristales
299,Kalani KA1001,65.900,35% marcos + cristales
300,Lacoste L2254,99.900,30% marcos + cristales
301,CAT CAT3002,94.900,30% marcos + cristales
302,Arnette 0AN6135,84.900,30% marcos + cristales
303,Harper HA1012,54.900,35% marcos + cristales
304,Carrera C8830/V,132.900,30% marcos + cristales
305,Giacomo GI1012,76.900,35% marcos + cristales
306,Hugo HG1199,140.900,30% marcos + cristales
307,Hugo HG1210,144.900,30% marcos + cristales
308,Fossil FOS 7127,99.900,30% marcos + cristales
309,Kalani KA1056,65.900,35% marcos + cristales
310,Harper HA1065,43.900,35% marcos + cristales
311,Fossil FOS 6016,91.900,30% marcos + cristales
312,Harper HA1128,54.900,35% marcos + cristales
313,Harper HA1009,43.900,35% marcos + cristales
314,Harper HA1008,43.900,35% marcos + cristales
315,Harper HA1126,54.900,35% marcos + cristales
316,Harper HA1001,43.900,35% marcos + cristales
317,Prada  0PR54TV,250.900,30% marcos + cristales
318,Boss 1444/N,199.900,30% marcos + cristales
319,Prada  0PR22ZV,290.900,30% marcos + cristales
320,Prada  0PR58ZV,270.900,30% marcos + cristales
321,Persol 0PO3218V,198.900,30% marcos + cristales
322,Cat Resaw,99.900,30% marcos + cristales
323,Harper HA1056,43.900,35% marcos + cristales
324,Kalani KA1038,76.900,35% marcos + cristales
325,Fossil FOS7146/G,119.900,30% marcos + cristales
326,Kalani KA1003,65.900,35% marcos + cristales
327,Kalani KA1042,76.900,35% marcos + cristales
328,Nike 7130,99.900,30% marcos + cristales
329,Kalani KA1004,65.900,35% marcos + cristales
330,Under Armour UA 5018/G,102.900,30% marcos + cristales
331,Harper HA1057,43.900,35% marcos + cristales
332,Arnette 0AN7169,64.900,30% marcos + cristales
333,Harper HA1017,54.900,35% marcos + cristales
334,Kalani KA1013,65.900,35% marcos + cristales
335,THilfigr TH 1442,148.900,30% marcos + cristales
336,Giacomo GI1015,76.900,35% marcos + cristales
337,Nike 7400,99.900,30% marcos + cristales
338,Harper HA1050,43.900,35% marcos + cristales
339,Harper HA1068,43.900,35% marcos + cristales
340,Kalani KA1014,65.900,35% marcos + cristales
341,Karun Cochamo Black,94.900,30% marcos + cristales
342,Giacomo GI1009,76.900,35% marcos + cristales
343,Harper HA1079,43.900,35% marcos + cristales
344,Unoffic UNOM0109,0,Marcos Gratis
345,Julius JUAM02,89.900,40% marcos + cristales
346,Harper HA1122,54.900,35% marcos + cristales
347,Miraflex 0MF4005,49.900,30% marcos + cristales
348,HugoBoss BOSS,219.900,30% marcos + cristales
349,Carrera C8853,132.900,30% marcos + cristales
350,Carrera CARDUC007,126.900,30% marcos + cristales
351,Boss 1449,224.900,30% marcos + cristales
352,Karun KAUF0013,84.900,30% marcos + cristales
353,Fossil FOS 7116/G,95.900,30% marcos + cristales
354,Giacomo GI1002,76.900,35% marcos + cristales
355,Harper HA1063,43.900,35% marcos + cristales
356,Harper HA1005,54.900,35% marcos + cristales
357,Fossil FOS 6076,91.900,30% marcos + cristales
358,Kalani KA1007,65.900,35% marcos + cristales
359,Nike 7129,99.900,30% marcos + cristales
360,Kalani KA1008,65.900,35% marcos + cristales
361,Fossil FOS7148,104.900,30% marcos + cristales
362,Giacomo GI1009,76.900,35% marcos + cristales
363,Kalani KA1014,65.900,35% marcos + cristales
364,Kalani KA1012,65.900,35% marcos + cristales
365,Giacomo GI1012,76.900,35% marcos + cristales
366,Giacomo GI1015,76.900,35% marcos + cristales
367,Harper HA1006,54.900,35% marcos + cristales
368,Lacoste L2860,99.900,30% marcos + cristales
369,Lacoste L2888,99.900,30% marcos + cristales
370,Giacomo GI1016,76.900,35% marcos + cristales
371,Kalani KA1040,76.900,35% marcos + cristales
372,Hugo HG1246,140.900,30% marcos + cristales
373,DbyD DBOM5047,0,Marcos Gratis
374,Unoffic UNOM0192,0,Marcos Gratis
375,Unoffic UNOM0164,0,Marcos Gratis
376,Miraflex 0MF4002,44.900,30% marcos + cristales
377,Adidas OR5052,99.900,30% marcos + cristales
378,Harper HA1008,43.900,35% marcos + cristales
379,Harper HA1002,43.900,35% marcos + cristales
380,Harper HA1292,43.900,35% marcos + cristales
381,Cat CTO3013,99.900,30% marcos + cristales
382,Prada  0PR19ZV,250.900,30% marcos + cristales
383,Prada  0PR16MV,181.900,30% marcos + cristales
384,Persol 0PO2460V,226.900,30% marcos + cristales
385,Carrera C8881,104.900,30% marcos + cristales
386,Persol 0PO3092V,189.900,30% marcos + cristales
387,Persol 0PO3315V,208.900,30% marcos + cristales
388,Hugo HG1018,129.900,30% marcos + cristales
389,Lucca LU1004,32.900,35% marcos + cristales
390,Kalani KA1001,65.900,35% marcos + cristales
391,Kalani KA1005,65.900,35% marcos + cristales
392,Giacomo GI1016,76.900,35% marcos + cristales
393,Kalani KA1013,65.900,35% marcos + cristales
394,Rayban 0RX7230,166.900,30% marcos + cristales
395,Harper HA1071,43.900,35% marcos + cristales
396,Giacomo GI1003,76.900,35% marcos + cristales
397,Harper HA1073,43.900,35% marcos + cristales
398,Fossil FOS 7148,104.900,30% marcos + cristales
399,Harper HA1114,54.900,35% marcos + cristales
400,Nike 7130,99.900,30% marcos + cristales
401,Kalani KA1043,76.900,35% marcos + cristales
402,CKJeans CKJ492AF,99.900,30% marcos + cristales
403,Harper HA1059,43.900,35% marcos + cristales
404,Giacomo GI1020,76.900,35% marcos + cristales
405,Under Armour UA5035,119.900,30% marcos + cristales
406,Kalani KA1059,65.900,35% marcos + cristales
407,Cat CTO3013,99.900,30% marcos + cristales
408,Harper HA1127,54.900,35% marcos + cristales
